type,id,trust_score,tier,creator,curator,juror,risk,balance,earned,spent,penalty,net,posts,likes,comments,challenges_won,challenges_lost,violations,days_active
toxic_creator,ef3e6ebf,608.2,blue,873.1,805.2,500.0,900.0,15139,58927,50489,1186,8438,158,170,434,3,19,10,71
toxic_creator,304481da,716.1,blue,1000,832.4,500.0,585.0,7463,54691,55167,722,-476,145,215,529,4,14,7,61
toxic_creator,7e24e4fb,608.0,blue,1000,652.1,500.0,900.0,3874,43602,46177,1190,-2575,125,115,454,0,7,10,77
toxic_creator,9329336c,584.0,green,885.9,737.1,500.0,955.4,1133,42789,46671,1095,-3883,118,195,472,0,15,10,67
toxic_creator,fcc780de,536.9,green,625.0,581.0,500.0,604.1,575,31189,36445,962,-5257,125,106,207,0,4,7,68
toxic_creator,9e12fdf5,550.3,green,857.8,671.7,500.0,1000,13,58421,64371,1885,-5950,193,118,575,1,17,14,66
toxic_creator,5a654eec,618.2,blue,968.5,662.0,500.0,814.5,3128,33915,40517,926,-6602,122,140,317,1,12,9,69
toxic_creator,985306fb,552.0,green,795.6,620.1,500.0,833.4,142,46181,53840,917,-7659,140,179,553,3,13,9,73
toxic_creator,6dec23fc,476.8,green,613.1,635.8,500.0,955.3,3,14140,22788,855,-8647,61,112,175,1,1,10,70
toxic_creator,2b287c48,393.7,white,416.8,574.5,500.0,1000,6,22467,33606,1514,-11139,99,102,193,2,7,11,60
stupid_audience,21d78c8b,756.7,purple,723.3,858.7,500.0,0.0,7133,9666,4517,0,5150,3,183,52,0,0,0,26
stupid_audience,13889350,778.4,purple,697.7,976.2,500.0,0.0,6875,9052,4564,0,4488,2,208,50,0,0,0,27
stupid_audience,13feed80,704.9,blue,658.2,765.8,500.0,45.0,5717,8409,4350,86,4060,2,198,47,0,0,1,28
stupid_audience,3ff4604a,724.3,blue,663.4,801.0,500.0,0.0,4149,8129,4666,0,3463,0,255,51,0,0,0,25
stupid_audience,b9d905ed,790.8,purple,719.2,1000,500.0,0.0,4525,7771,5191,0,2580,0,297,55,0,0,0,28
stupid_audience,f7c2f2bf,720.8,blue,634.8,821.3,500.0,0.0,4841,6083,3641,0,2442,2,207,29,0,0,0,24
stupid_audience,5776ec0d,744.7,blue,643.2,906.8,500.0,0.0,3775,7066,4878,0,2189,3,275,40,0,0,0,29
stupid_audience,98e481e2,742.1,blue,625.0,918.6,500.0,0.0,7228,6237,4150,0,2087,0,259,35,0,1,0,22
stupid_audience,0549d433,758.6,purple,675.9,923.1,500.0,0.0,4622,6693,4725,0,1967,2,233,49,0,0,0,28
stupid_audience,fb0f9934,721.6,blue,628.2,832.4,500.0,0.0,3469,5660,3805,0,1855,0,200,42,0,0,0,25
stupid_audience,0555ee5a,690.5,blue,637.2,697.4,500.0,0.0,3747,7045,5722,0,1323,3,254,60,0,0,0,32
stupid_audience,91a9f8b9,736.3,blue,625.3,895.0,500.0,0.0,2769,6680,5390,0,1291,4,330,37,0,0,0,28
stupid_audience,910fdaab,709.1,blue,606.7,808.2,500.0,0.0,3198,5303,4134,0,1169,3,257,26,0,0,0,28
stupid_audience,1022d625,666.3,blue,581.7,667.2,500.0,0.0,2175,4050,2899,0,1151,0,163,29,0,0,0,21
stupid_audience,493c3bef,787.7,purple,723.5,982.4,500.0,0.0,3076,7354,6252,0,1102,1,297,72,0,1,0,38
stupid_audience,24ab2091,781.5,purple,690.2,997.7,500.0,0.0,2950,6417,5329,0,1088,2,341,41,0,0,0,26
stupid_audience,96102566,713.5,blue,621.0,809.0,500.0,0.0,4905,5390,4309,0,1080,0,232,45,0,1,0,22
stupid_audience,b66259d2,717.0,blue,602.0,845.7,500.0,0.0,5253,5401,4350,0,1050,0,256,43,0,0,0,23
stupid_audience,1bbae617,733.7,blue,605.5,908.1,500.0,0.0,3331,5593,4596,0,997,0,253,47,0,1,0,24
stupid_audience,9bd48c95,777.5,purple,674.9,1000,500.0,0.0,2608,6079,5119,0,960,0,297,54,0,0,0,27
stupid_audience,60ce4892,672.5,blue,578.0,696.4,500.0,0.0,3509,4139,3298,0,841,0,151,38,0,1,0,22
stupid_audience,7046c40a,684.9,blue,600.7,718.7,500.0,0.0,2504,5058,4226,0,832,2,189,44,0,0,0,26
stupid_audience,366fc450,728.1,blue,585.4,909.9,500.0,0.0,2778,4819,4108,0,710,0,256,35,0,1,0,26
stupid_audience,d46c6cca,696.5,blue,597.6,768.8,500.0,0.0,2900,4542,3858,0,684,1,198,36,0,1,0,22
stupid_audience,5c55eee1,687.0,blue,592.5,737.1,500.0,0.0,3994,4532,3872,0,660,2,193,34,0,1,0,26
stupid_audience,20287723,710.1,blue,607.0,812.0,500.0,0.0,2404,4399,4101,0,298,1,197,44,0,0,0,27
stupid_audience,460450ce,688.6,blue,568.0,772.8,500.0,0.0,4023,3272,3066,0,205,0,206,22,1,0,0,21
stupid_audience,b0e80276,721.3,blue,598.9,866.5,500.0,0.0,2000,3845,3750,0,95,0,197,42,0,0,0,29
stupid_audience,f62387cb,697.8,blue,579.5,795.7,500.0,0.0,2691,3576,3604,0,-28,1,212,28,0,2,0,21
stupid_audience,d04b4a37,682.6,blue,588.9,723.6,500.0,0.0,3731,3228,3306,0,-78,1,163,31,0,1,0,24
stupid_audience,016095c2,673.2,blue,575.9,701.6,500.0,0.0,1670,3081,3182,0,-101,0,158,34,0,1,0,22
stupid_audience,0469608f,771.3,purple,654.5,1000,500.0,0.0,2299,4839,5020,0,-181,1,321,43,0,0,0,30
stupid_audience,8b5b0c4d,734.6,blue,753.4,734.1,500.0,0.0,1681,4760,5024,0,-264,2,212,59,0,0,0,33
stupid_audience,084194d4,716.6,blue,611.9,832.2,500.0,0.0,1887,3897,4258,0,-361,3,220,33,0,1,0,22
stupid_audience,77390020,691.7,blue,552.6,803.7,500.0,0.0,1699,3421,3907,0,-486,0,270,29,0,0,0,25
stupid_audience,407fb106,634.3,blue,535.1,595.3,500.0,0.0,9,1116,1675,0,-559,0,82,17,0,0,0,22
stupid_audience,98ebda36,635.8,blue,510.8,630.0,500.0,0.0,6,538,1111,0,-573,0,74,8,0,0,0,22
stupid_audience,ad62f862,685.8,blue,568.9,760.7,500.0,0.0,2342,2511,3106,0,-595,0,158,33,0,0,0,16
stupid_audience,bbee18d4,618.8,blue,503.1,571.6,500.0,0.0,308,48,660,0,-613,0,47,4,0,0,0,20
stupid_audience,b57da3b8,658.1,blue,539.5,685.0,500.0,0.0,141,1352,2065,0,-712,0,125,18,0,0,0,20
stupid_audience,f664e563,694.1,blue,614.8,738.6,500.0,0.0,2701,4130,4877,0,-747,5,191,46,0,0,0,29
stupid_audience,3d26f12c,653.8,blue,554.5,649.8,500.0,0.0,1230,774,1554,0,-780,1,91,10,0,0,0,19
stupid_audience,ce1a1e2d,693.6,blue,498.6,912.0,500.0,45.0,4082,3021,3822,182,-801,1,232,32,0,0,1,24
stupid_audience,6fcf621d,718.3,blue,573.4,885.1,500.0,0.0,792,2224,3037,0,-813,1,213,17,1,0,0,19
stupid_audience,2b4314ed,740.0,blue,588.4,954.1,500.0,0.0,584,3559,4504,0,-945,1,323,30,0,0,0,28
stupid_audience,16165be1,694.7,blue,560.5,806.2,500.0,0.0,3904,2317,3307,0,-991,0,185,34,0,0,0,23
stupid_audience,a13d2879,727.4,blue,564.2,932.4,500.0,0.0,9,2834,4216,0,-1382,0,338,23,0,0,0,30
stupid_audience,26b59b3d,718.8,blue,648.0,797.7,500.0,0.0,837,3018,4466,0,-1448,2,245,40,0,0,0,27
stupid_audience,68a42fc2,659.0,blue,520.8,710.9,500.0,0.0,8,449,1941,0,-1493,1,126,11,0,0,0,34
stupid_audience,b29023fa,702.0,blue,522.2,917.5,500.0,45.0,1,1631,3779,180,-2148,2,244,24,0,0,1,30
normal,e6c6601a,623.7,blue,528.4,560.6,500.0,0.0,9022,2484,763,0,1720,2,23,3,0,0,0,11
normal,0c3c5f96,623.2,blue,542.6,541.5,500.0,0.0,6532,2352,680,0,1672,1,23,5,0,0,0,6
normal,05dd53cf,611.2,blue,537.5,500.0,500.0,0.0,4234,1754,196,0,1558,0,4,3,0,0,0,3
normal,c33bff49,626.6,blue,541.4,556.7,500.0,0.0,4721,2421,875,0,1546,3,15,3,0,0,0,8
normal,2c4cbcd6,608.8,blue,524.0,506.2,500.0,0.0,7448,1650,205,0,1445,0,6,3,0,0,0,5
normal,08e1f600,620.2,blue,550.9,519.8,500.0,0.0,6075,2203,811,0,1392,2,13,6,0,0,0,8
normal,6d08cf00,619.2,blue,543.8,524.4,500.0,0.0,7848,1974,718,0,1256,2,10,4,0,0,0,7
normal,10d049b2,607.5,blue,509.3,518.8,500.0,0.0,2946,1340,163,0,1177,0,7,2,0,0,0,3
normal,aac7f0bc,568.8,green,402.5,528.2,500.0,45.0,7146,1774,654,373,1120,2,15,3,0,0,1,6
normal,e6ae4dc5,611.9,blue,510.3,535.1,500.0,0.0,4133,1753,690,0,1064,1,23,6,0,0,0,8
normal,6a9bf314,619.5,blue,534.7,536.2,500.0,0.0,5983,1792,769,0,1023,3,16,1,0,0,0,6
normal,628bbe88,614.5,blue,530.9,520.9,500.0,0.0,7383,1604,644,0,960,2,7,4,0,0,0,4
normal,271f9c35,613.2,blue,531.3,515.1,500.0,0.0,5012,1488,573,0,916,0,15,7,0,1,0,8
normal,692d7d1d,617.4,blue,536.6,525.8,500.0,0.0,7387,1380,494,0,886,0,16,5,0,1,0,8
normal,15b98408,619.5,blue,547.3,521.1,500.0,0.0,5684,1928,1056,0,872,2,22,8,1,0,0,10
normal,11d82c51,624.4,blue,537.5,552.5,500.0,0.0,4693,1641,792,0,848,2,19,5,0,0,0,6
normal,f6d2f998,613.4,blue,525.7,522.8,500.0,0.0,4879,1153,339,0,814,1,9,1,0,0,0,6
normal,7036d456,612.2,blue,527.1,516.4,500.0,0.0,4619,1366,593,0,773,1,16,5,0,0,0,8
normal,11c754ba,616.4,blue,537.4,520.6,500.0,0.0,7419,1583,818,0,765,3,10,3,0,0,0,7
normal,d9983006,635.4,blue,563.8,565.2,500.0,0.0,4952,1543,779,0,764,1,28,7,0,0,0,9
normal,3dabd3c6,618.6,blue,525.8,543.4,500.0,0.0,5097,1797,1037,0,760,3,27,4,0,0,0,8
normal,493fb8da,611.5,blue,518.6,523.8,500.0,0.0,6493,1295,565,0,731,1,11,5,0,0,0,6
normal,bcb803db,626.1,blue,511.0,591.3,500.0,0.0,4832,1053,346,0,707,0,26,2,0,0,0,8
normal,57e0a30f,618.9,blue,539.4,528.4,500.0,0.0,4416,1363,676,0,687,2,13,3,0,0,0,5
normal,ca3b2bd9,619.9,blue,525.3,549.3,500.0,0.0,4790,930,249,0,682,0,11,3,0,0,0,6
normal,33485915,616.0,blue,529.4,528.8,500.0,0.0,3841,1646,973,0,674,3,19,4,0,0,0,8
normal,53ce3200,626.3,blue,546.8,549.0,500.0,0.0,2644,1476,809,0,666,2,17,5,0,0,0,9
normal,f4d3e944,608.6,blue,514.5,517.1,500.0,0.0,7086,1563,898,0,665,3,9,3,1,0,0,7
normal,165efbc6,626.4,blue,550.5,544.8,500.0,0.0,6036,1470,815,0,655,2,16,4,1,0,0,6
normal,677fb683,616.6,blue,528.2,532.5,500.0,0.0,5270,1328,724,0,604,1,28,5,0,0,0,8
normal,c6d36e2c,624.1,blue,534.2,555.4,500.0,0.0,7093,1510,912,0,598,2,18,6,0,1,0,8
normal,e8272a5c,608.3,blue,512.6,518.2,500.0,0.0,5595,1043,447,0,596,2,7,0,0,0,0,3
normal,6740cf15,620.7,blue,536.6,538.9,500.0,0.0,3862,1233,637,0,596,1,21,5,0,0,0,8
normal,feb0ac31,617.8,blue,540.4,522.7,500.0,0.0,3711,1187,598,0,589,1,17,5,0,0,0,8
normal,85c4f794,613.1,blue,521.6,526.4,500.0,0.0,4864,946,367,0,579,1,8,2,0,0,0,4
normal,9e69d82b,614.3,blue,531.1,520.1,500.0,0.0,5599,985,435,0,551,1,14,2,0,0,0,5
normal,5cad4aa8,630.5,blue,532.1,583.6,500.0,0.0,6900,1024,475,0,549,1,18,2,0,0,0,6
normal,45170bed,632.2,blue,543.4,576.9,500.0,0.0,4300,1913,1368,0,545,5,32,2,0,0,0,10
normal,5c9218c9,618.5,blue,524.7,544.2,500.0,0.0,6020,1155,624,0,531,1,19,5,0,0,0,6
normal,10401f08,611.2,blue,519.9,520.8,500.0,0.0,1910,693,193,0,500,0,10,2,0,0,0,5
normal,96fc92cd,616.9,blue,536.6,523.6,500.0,0.0,7285,1410,915,0,495,3,17,3,0,0,0,6
normal,37bef4e9,615.5,blue,516.1,542.6,500.0,0.0,3297,819,335,0,484,1,7,1,0,0,0,2
normal,053f091a,615.4,blue,527.8,528.3,500.0,0.0,5195,919,453,0,465,1,12,3,0,0,0,5
normal,9a6fd2d8,613.5,blue,528.2,520.3,500.0,0.0,3763,903,445,0,458,0,21,5,0,0,0,8
normal,26feb138,612.4,blue,517.3,528.7,500.0,0.0,2559,1023,598,0,426,1,16,5,0,0,0,5
normal,5fb1bc09,626.2,blue,555.9,537.7,500.0,0.0,2113,1245,833,0,412,1,20,9,0,0,0,10
normal,72d5c9d8,616.0,blue,518.1,542.3,500.0,0.0,5688,717,313,0,404,0,12,4,0,0,0,7
normal,2c80a0b4,623.9,blue,535.9,552.5,500.0,0.0,2065,1368,967,0,401,3,26,3,0,0,0,8
normal,1698e989,613.4,blue,508.6,543.2,500.0,0.0,2822,594,213,0,381,0,12,2,0,0,0,7
normal,bc6869ef,604.7,blue,515.8,500.0,500.0,0.0,4962,1037,665,0,372,2,19,2,0,0,0,6
normal,0ffe1729,609.6,blue,513.4,522.5,500.0,0.0,4443,652,294,0,358,1,11,0,0,0,0,5
normal,a6326bba,624.2,blue,529.3,561.6,500.0,0.0,5765,1225,869,0,355,2,15,6,0,0,0,6
normal,d86174bf,609.4,blue,516.7,517.5,500.0,0.0,3436,1293,954,0,338,2,28,6,0,0,0,10
normal,0a76e8bb,615.2,blue,507.6,551.6,500.0,0.0,5129,688,384,0,304,0,20,4,0,0,0,5
normal,357343ec,575.9,green,448.4,501.6,500.0,45.0,4061,1158,875,99,283,3,15,3,0,0,1,6
normal,c5685065,616.8,blue,512.2,552.5,500.0,0.0,2361,716,436,0,280,0,25,4,0,0,0,12
normal,89f6f9a2,611.7,blue,507.2,538.3,500.0,0.0,2571,802,537,0,265,0,20,7,0,0,0,9
normal,7fda472c,605.4,blue,510.4,509.1,500.0,0.0,5795,358,96,0,262,0,5,1,0,0,0,2
normal,1960ac15,614.0,blue,508.2,546.1,500.0,0.0,5416,822,566,0,256,1,26,2,0,0,0,9
normal,cd319a37,608.5,blue,516.9,513.6,500.0,0.0,1791,430,179,0,251,0,8,2,0,0,0,3
normal,ef65c07d,608.4,blue,515.6,515.0,500.0,0.0,4256,554,312,0,242,1,8,1,0,0,0,2
normal,4f86f748,607.7,blue,508.7,520.3,500.0,0.0,4913,425,193,0,232,0,10,2,0,0,0,3
normal,420cd1c6,603.9,blue,504.9,509.5,500.0,0.0,2076,658,427,0,230,1,10,3,0,0,0,4
normal,c62af837,603.8,blue,512.7,500.0,500.0,0.0,5123,472,261,0,211,1,2,1,0,0,0,1
normal,224d8652,619.0,blue,510.3,563.7,500.0,0.0,2094,664,454,0,210,0,22,5,0,0,0,6
normal,a44d458c,610.1,blue,515.1,522.2,500.0,0.0,2990,807,600,0,206,1,18,5,0,0,0,7
normal,1ec59964,608.0,blue,512.5,517.2,500.0,0.0,3372,900,696,0,204,2,12,4,0,0,0,7
normal,643fa2f2,623.0,blue,516.7,571.8,500.0,0.0,7635,1061,872,0,189,1,26,7,1,0,0,9
normal,77f05b5c,621.9,blue,520.6,562.8,500.0,0.0,6304,1082,896,0,186,2,25,6,0,0,0,9
normal,e4667a73,603.5,blue,507.0,505.6,500.0,0.0,3583,403,219,0,184,0,7,3,0,0,0,4
normal,2a5515a1,602.2,blue,506.0,501.6,500.0,0.0,5051,523,362,0,161,1,5,2,0,0,0,3
normal,1c5590e9,628.3,blue,538.7,566.8,500.0,0.0,4952,828,669,0,159,2,14,3,0,0,0,6
normal,b5375c31,617.8,blue,503.3,567.1,500.0,0.0,2345,451,305,0,145,0,26,1,0,0,0,8
normal,1073e928,613.0,blue,514.8,534.1,500.0,0.0,2876,449,312,0,137,0,12,4,0,0,0,4
normal,c9208186,608.0,blue,511.4,518.1,500.0,0.0,4357,558,423,0,134,0,14,6,0,0,0,6
normal,b5a4af78,615.4,blue,514.0,545.0,500.0,0.0,6013,516,384,0,132,0,11,4,1,0,0,4
normal,abe6b040,603.4,blue,507.5,504.6,500.0,0.0,7025,423,293,0,130,0,10,2,0,1,0,4
normal,bfb9fb24,621.0,blue,527.7,550.9,500.0,0.0,4613,971,867,0,104,2,25,3,1,0,0,7
normal,84b9b964,613.7,blue,520.5,530.0,500.0,0.0,4629,972,871,0,102,3,15,3,0,0,0,7
normal,1f20d522,605.7,blue,504.1,517.7,500.0,0.0,7441,246,154,0,93,0,11,1,0,0,0,4
normal,e2948fa2,613.0,blue,519.5,528.7,500.0,0.0,5860,699,610,0,89,2,17,1,0,0,0,8
normal,6c96f55c,614.7,blue,510.4,546.2,500.0,0.0,3376,776,697,0,79,2,23,2,0,0,0,6
normal,7c42e124,613.2,blue,507.3,544.3,500.0,0.0,8026,348,279,0,70,0,14,3,0,0,0,6
normal,ed40d835,603.8,blue,502.7,512.1,500.0,0.0,6146,412,343,0,69,1,5,2,0,0,0,3
normal,ffee7d0b,614.8,blue,527.8,525.7,500.0,0.0,4651,1062,995,0,67,3,12,6,0,0,0,8
normal,3f99605e,621.1,blue,503.1,580.8,500.0,0.0,1269,242,177,0,65,0,14,1,0,0,0,6
normal,6581a6db,607.9,blue,516.1,512.4,500.0,0.0,1309,770,723,0,48,2,14,4,0,0,0,6
normal,927b767b,603.6,blue,483.6,570.1,500.0,45.0,4071,916,874,92,42,2,37,3,0,0,1,10
normal,52e00719,600.9,blue,503.0,500.0,500.0,0.0,3435,164,127,0,38,0,8,1,0,0,0,2
normal,959ccf25,613.3,blue,512.9,537.7,500.0,0.0,5336,675,639,0,36,2,16,2,0,0,0,7
normal,0e4deb62,611.7,blue,503.5,542.5,500.0,0.0,4533,317,282,0,34,0,19,2,0,0,0,5
normal,4095d19f,615.1,blue,527.1,528.0,500.0,0.0,3573,805,773,0,32,2,14,3,0,1,0,5
normal,65322097,607.6,blue,504.4,525.1,500.0,0.0,5081,199,170,0,29,0,7,2,0,0,0,4
normal,42c3eb49,614.3,blue,510.0,545.1,500.0,0.0,5249,485,464,0,21,1,18,2,0,0,0,10
normal,34e5fdcf,623.4,blue,511.1,580.3,500.0,0.0,4028,669,650,0,19,1,27,4,0,0,0,8
normal,35d28e19,614.2,blue,531.7,518.7,500.0,0.0,6967,893,877,0,17,2,13,5,0,1,0,7
normal,97ee9583,606.7,blue,502.4,523.8,500.0,0.0,2034,183,168,0,15,0,3,1,1,0,0,2
normal,a7a97a62,601.4,blue,504.8,500.0,500.0,0.0,4844,250,236,0,14,0,4,4,0,0,0,4
normal,f28f9295,608.5,blue,517.3,513.3,500.0,0.0,2354,434,449,0,-15,1,7,4,0,0,0,4
normal,727b9bdd,612.7,blue,503.4,546.6,500.0,0.0,6160,246,265,0,-18,0,12,3,0,0,0,5
normal,b9505d1d,601.1,blue,503.6,500.0,500.0,0.0,4772,64,88,0,-24,0,4,1,0,0,0,2
normal,4edf3f3c,606.4,blue,500.0,525.7,500.0,0.0,6403,160,187,0,-27,0,10,0,1,0,0,6
normal,18c799bc,607.9,blue,507.5,522.5,500.0,0.0,6632,306,338,0,-31,1,9,1,0,0,0,3
normal,3d7fbf80,610.4,blue,510.3,529.4,500.0,0.0,2501,582,617,0,-35,2,20,1,0,0,0,8
normal,0289549c,600.0,blue,500.0,500.0,500.0,0.0,3744,0,37,0,-37,0,4,0,0,0,0,3
normal,9bdd7166,613.1,blue,508.7,542.1,500.0,0.0,6086,484,521,0,-38,1,13,4,0,0,0,6
normal,93e2e3e6,604.1,blue,504.8,510.5,500.0,0.0,2518,272,316,0,-45,1,7,1,0,0,0,3
normal,a92ccf91,606.7,blue,504.9,520.8,500.0,0.0,3730,308,356,0,-48,1,13,1,0,0,0,4
normal,f4b51adb,603.6,blue,502.1,511.7,500.0,0.0,2044,63,114,0,-50,0,7,1,0,0,0,2
normal,52d0b43a,601.5,blue,500.0,505.9,500.0,0.0,3681,0,58,0,-58,0,6,0,0,0,0,3
normal,35647f20,603.8,blue,504.1,510.4,500.0,0.0,2607,16,81,0,-65,0,3,1,0,0,0,1
normal,803c8482,600.4,blue,500.0,501.6,500.0,0.0,4346,0,69,0,-69,0,7,0,0,0,0,2
normal,c9849e10,611.2,blue,505.8,537.9,500.0,0.0,4271,264,334,0,-70,0,20,3,0,0,0,9
normal,4175b0c3,582.4,green,453.5,521.5,500.0,45.0,5597,615,686,192,-70,1,11,6,0,1,1,6
normal,6b8d5495,605.2,blue,500.0,520.6,500.0,0.0,3069,0,77,0,-77,0,8,0,0,0,0,3
normal,9e0a3e1a,604.5,blue,500.0,518.1,500.0,0.0,3331,0,78,0,-78,0,8,0,0,0,0,3
normal,2cdb9297,608.6,blue,500.0,534.6,500.0,0.0,3574,0,79,0,-79,0,8,0,0,0,0,4
normal,0cd57baa,603.8,blue,508.5,505.2,500.0,0.0,4636,74,157,0,-83,0,5,2,0,0,0,4
normal,b2b71065,633.9,blue,515.9,616.6,500.0,0.0,2829,967,1054,0,-87,2,45,5,0,0,0,12
normal,fc8d5080,602.1,blue,500.0,508.6,500.0,0.0,1145,0,87,0,-87,0,9,0,0,0,0,3
normal,8bbaad48,601.7,blue,500.0,507.0,500.0,0.0,3483,0,88,0,-88,0,4,1,0,0,0,3
normal,46fab1ae,612.5,blue,511.0,536.9,500.0,0.0,2780,337,427,0,-90,0,14,6,0,0,0,7
normal,32ab4f0c,607.1,blue,505.1,522.2,500.0,0.0,2660,777,868,0,-91,3,9,2,1,0,0,5
normal,086a76d7,606.5,blue,509.0,515.1,500.0,0.0,4780,272,364,0,-92,1,8,2,0,0,0,5
normal,12250cd9,612.4,blue,504.5,544.1,500.0,0.0,6253,434,532,0,-98,2,16,0,0,0,0,7
normal,e78149ac,619.2,blue,518.1,555.0,500.0,0.0,3379,502,603,0,-102,1,22,4,0,0,0,6
normal,6c83cdfe,612.5,blue,514.7,532.3,500.0,0.0,4020,528,632,0,-104,2,16,2,0,0,0,6
normal,2c533d41,603.4,blue,500.0,513.8,500.0,0.0,1771,0,105,0,-105,0,6,1,0,0,0,2
normal,6dca3f3c,603.0,blue,503.9,507.4,500.0,0.0,3934,68,173,0,-105,0,8,2,0,0,0,4
normal,d835f991,617.1,blue,509.1,557.5,500.0,0.0,3065,434,557,0,-123,1,19,4,0,0,0,7
normal,72c22db4,609.7,blue,503.3,534.9,500.0,0.0,3183,253,378,0,-125,0,20,2,0,1,0,7
normal,608b3aa2,601.5,blue,503.3,501.9,500.0,0.0,3069,68,197,0,-129,0,5,3,0,0,0,3
normal,ea146e1e,602.9,blue,500.0,511.7,500.0,0.0,4491,0,136,0,-136,0,9,1,0,0,0,6
normal,8e90779e,611.1,blue,517.9,522.8,500.0,0.0,4168,350,489,0,-139,1,11,4,0,0,0,5
normal,68b8274e,608.0,blue,503.8,527.6,500.0,0.0,1508,330,476,0,-146,1,19,2,0,0,0,6
normal,611b27c3,608.1,blue,500.0,532.4,500.0,0.0,6233,0,147,0,-147,0,10,1,0,0,0,3
normal,a2cfc454,606.5,blue,500.0,526.0,500.0,0.0,4252,0,147,0,-147,0,10,1,0,0,0,6
normal,7ff5ec6d,608.1,blue,500.0,532.3,500.0,0.0,1467,0,153,0,-153,0,11,1,0,0,0,3
normal,2854545c,616.0,blue,514.9,546.0,500.0,0.0,6841,547,704,0,-157,2,15,3,0,0,0,8
normal,4c200e4b,608.5,blue,508.6,523.5,500.0,0.0,3476,607,765,0,-159,1,14,7,0,1,0,9
normal,b0640b31,601.5,blue,500.0,506.0,500.0,0.0,3566,0,160,0,-160,0,12,1,0,0,0,4
normal,80cfd675,608.3,blue,510.8,520.4,500.0,0.0,1843,28,192,0,-164,0,10,2,0,0,0,4
normal,fb4a13b0,610.3,blue,507.4,532.2,500.0,0.0,2407,704,868,0,-164,2,22,5,0,0,0,8
normal,43dce81c,606.6,blue,500.0,526.3,500.0,0.0,7057,0,165,0,-165,0,12,1,0,0,0,4
normal,0f2a02d1,609.1,blue,505.9,529.4,500.0,0.0,4827,278,447,0,-170,1,12,3,0,0,0,4
normal,c4f1a8b4,615.2,blue,522.5,533.7,500.0,0.0,1726,613,793,0,-180,3,11,2,0,0,0,5
normal,1e5e85a8,629.1,blue,513.6,599.9,500.0,0.0,7178,486,672,0,-186,1,25,5,0,0,0,8
normal,08166ab9,604.2,blue,509.7,505.3,500.0,0.0,5051,565,754,0,-189,2,18,4,0,0,0,7
normal,c2299df6,610.3,blue,515.7,522.5,500.0,0.0,4117,397,589,0,-192,1,14,5,0,0,0,7
normal,9b46652c,605.2,blue,502.0,518.2,500.0,0.0,4509,269,462,0,-194,1,13,1,1,0,0,4
normal,81a78c5d,608.8,blue,506.9,527.0,500.0,0.0,4705,14,220,0,-206,0,13,2,0,0,0,5
normal,fd3a3add,605.8,blue,500.0,523.3,500.0,0.0,4366,0,207,0,-207,0,11,2,0,0,0,4
normal,089144c0,616.6,blue,502.6,563.1,500.0,0.0,2783,69,279,0,-210,0,12,3,0,0,0,5
normal,280f119f,613.0,blue,510.0,540.1,500.0,0.0,6912,567,778,0,-212,2,25,3,0,0,0,7
normal,96b947b5,611.5,blue,500.0,546.0,500.0,0.0,1441,0,216,0,-216,0,13,2,0,0,0,6
normal,fc81aed6,617.8,blue,516.8,551.1,500.0,0.0,8682,364,591,0,-227,1,16,5,0,0,0,6
normal,b9dd7146,602.5,blue,500.0,510.1,500.0,0.0,4112,0,234,0,-234,0,9,3,0,0,0,4
normal,fb15f015,612.1,blue,500.0,548.2,500.0,0.0,3800,0,236,0,-236,0,19,1,0,0,0,6
normal,a6291eed,609.1,blue,509.7,524.9,500.0,0.0,4658,18,258,0,-240,0,11,3,0,0,0,5
normal,45f55a98,590.7,green,478.4,524.6,500.0,45.0,5682,238,479,99,-241,1,18,2,0,0,1,7
normal,955cc386,616.6,blue,518.1,544.7,500.0,0.0,7451,519,762,0,-243,2,19,4,0,0,0,7
normal,4108489e,607.4,blue,509.1,518.5,500.0,0.0,2763,14,266,0,-252,0,12,3,0,0,0,4
normal,5880d15f,604.9,blue,507.3,511.0,500.0,0.0,6393,14,269,0,-254,0,13,3,0,0,0,6
normal,fd8d0eb4,608.7,blue,500.0,534.8,500.0,0.0,4860,0,256,0,-256,0,15,2,0,0,0,6
normal,5a1e227c,611.1,blue,500.0,544.3,500.0,0.0,1196,0,267,0,-267,0,12,3,0,0,0,4
normal,60d0d741,602.1,blue,500.0,508.3,500.0,0.0,5811,0,273,0,-273,1,3,1,0,0,0,1
normal,1dcafeb7,604.9,blue,503.4,515.6,500.0,0.0,800,181,456,0,-275,1,12,3,0,0,0,8
normal,7ccd598d,602.7,blue,500.0,510.8,500.0,0.0,749,0,277,0,-277,1,9,0,0,0,0,3
normal,8e67b545,608.9,blue,508.2,525.5,500.0,0.0,3096,411,689,0,-278,3,12,0,0,0,0,6
normal,f18f67ef,611.8,blue,518.7,524.9,500.0,0.0,1608,271,551,0,-280,1,12,5,0,0,0,8
normal,ebc43549,582.7,green,470.6,502.0,500.0,45.0,6416,0,289,96,-289,1,10,0,0,0,1,3
normal,c1297d72,621.8,blue,505.7,580.6,500.0,0.0,2919,480,777,0,-297,0,27,7,1,1,0,11
normal,c2c5deeb,622.2,blue,500.0,588.7,500.0,0.0,3725,0,297,0,-297,0,26,1,0,0,0,9
normal,222b11d1,612.7,blue,510.8,537.7,500.0,0.0,6732,255,560,0,-306,1,21,3,0,0,0,6
normal,9be52ff7,602.7,blue,500.0,510.9,500.0,0.0,3198,0,306,0,-306,1,7,1,0,0,0,3
normal,1208917d,613.4,blue,500.0,553.4,500.0,0.0,3576,0,312,0,-312,0,22,2,0,0,0,9
normal,594be293,612.2,blue,507.1,540.1,500.0,0.0,5069,636,950,0,-314,3,15,5,0,0,0,7
normal,48b2347c,614.3,blue,500.0,557.2,500.0,0.0,2432,0,319,0,-319,0,14,4,0,0,0,4
normal,50858f59,608.6,blue,500.0,534.5,500.0,0.0,2395,0,323,0,-323,0,18,1,0,1,0,6
normal,78613782,605.6,blue,500.0,522.4,500.0,0.0,3750,0,330,0,-330,1,10,1,0,0,0,6
normal,37477650,612.2,blue,503.4,544.9,500.0,0.0,3529,174,505,0,-331,1,14,3,0,0,0,6
normal,35f329be,603.0,blue,505.3,505.6,500.0,0.0,4077,257,592,0,-335,1,16,5,0,0,0,5
normal,56e99f5c,618.4,blue,537.3,529.0,500.0,0.0,3036,859,1198,0,-339,4,14,4,0,1,0,6
normal,eb25dc42,600.0,blue,500.0,500.0,500.0,0.0,5082,0,343,0,-343,1,3,2,0,0,0,2
normal,bb587b1f,605.6,blue,500.0,522.5,500.0,0.0,2014,0,351,0,-351,1,11,1,0,0,0,4
normal,9c7185c9,606.8,blue,500.0,527.1,500.0,0.0,3860,0,360,0,-360,1,12,1,0,0,0,8
normal,d255a9ea,604.7,blue,506.0,511.5,500.0,0.0,4626,14,378,0,-364,1,9,2,0,0,0,5
normal,c3093122,613.0,blue,508.9,541.3,500.0,0.0,2123,391,771,0,-380,2,15,3,0,1,0,4
normal,efdaef39,600.8,blue,500.0,503.4,500.0,0.0,3773,0,381,0,-381,1,19,0,0,0,0,5
normal,2763272f,612.7,blue,507.8,541.6,500.0,0.0,968,93,475,0,-382,1,15,3,0,0,0,6
normal,b7a869cd,612.1,blue,504.4,543.2,500.0,0.0,4419,63,447,0,-384,0,22,3,0,1,0,10
normal,7d3f12d5,607.0,blue,504.3,522.8,500.0,0.0,2437,74,461,0,-387,1,15,2,0,0,0,5
normal,abee72b9,613.3,blue,500.0,553.1,500.0,0.0,7574,0,398,0,-398,0,26,3,0,0,0,7
normal,2cc5f245,605.5,blue,505.7,515.2,500.0,0.0,2379,347,746,0,-399,2,15,4,0,0,0,6
normal,bc2157a2,607.3,blue,504.3,524.2,500.0,0.0,1099,66,468,0,-402,1,13,3,0,0,0,5
normal,13c8377d,607.3,blue,514.2,512.4,500.0,0.0,3320,28,431,0,-403,1,10,3,0,0,0,7
normal,36fd57e1,605.7,blue,500.0,522.7,500.0,0.0,1297,0,406,0,-406,1,8,1,0,1,0,5
normal,d45e9ed0,624.3,blue,509.7,585.5,500.0,0.0,4983,610,1027,0,-417,2,35,6,0,0,0,12
normal,9ac3789a,620.1,blue,517.4,559.7,500.0,0.0,3011,453,879,0,-425,2,27,3,0,1,0,8
normal,94a7a0ae,603.9,blue,500.0,515.5,500.0,0.0,4093,0,443,0,-443,1,11,3,0,0,0,6
normal,857f2c1f,605.8,blue,500.0,523.2,500.0,0.0,2262,0,468,0,-468,0,18,4,0,1,0,8
normal,5d59d98b,615.5,blue,517.9,540.7,500.0,0.0,3351,594,1066,0,-471,2,36,5,0,1,0,11
normal,4f418c88,608.2,blue,500.0,532.9,500.0,0.0,3214,0,486,0,-486,1,17,2,0,0,0,9
normal,242b127e,607.6,blue,510.3,517.9,500.0,0.0,5886,103,591,0,-488,1,12,4,0,1,0,7
normal,4057742c,612.0,blue,500.0,548.0,500.0,0.0,2766,0,490,0,-490,1,23,1,0,0,0,9
normal,f6c25173,612.2,blue,503.8,544.3,500.0,0.0,3003,332,841,0,-510,2,26,4,0,0,0,9
normal,d192bc41,602.6,blue,504.0,505.5,500.0,0.0,2713,49,564,0,-515,2,7,2,0,0,0,3
normal,68f1dda9,592.7,green,484.5,525.4,500.0,45.0,4478,54,585,189,-530,2,11,2,0,0,1,6
normal,086da838,616.7,blue,503.5,562.5,500.0,0.0,5336,48,630,0,-582,1,26,4,0,0,0,9
normal,3feb62b6,604.9,blue,500.0,519.6,500.0,0.0,4258,0,601,0,-601,2,18,1,0,0,0,6
normal,b04f8060,561.7,green,412.7,535.6,500.0,105.0,3806,0,647,192,-647,2,12,3,0,0,2,5
normal,509601f3,614.2,blue,526.2,525.4,500.0,0.0,4528,116,765,0,-648,2,18,4,0,0,0,8
normal,fa310e81,612.5,blue,500.0,549.9,500.0,0.0,2804,0,684,0,-684,1,26,5,0,0,0,8
normal,4b3f661b,622.4,blue,503.7,585.3,500.0,0.0,648,36,728,0,-692,1,29,5,0,0,0,7
normal,e005d220,615.7,blue,512.3,548.1,500.0,0.0,3596,324,1026,0,-703,3,16,6,0,0,0,7
normal,589d6aaa,602.8,blue,505.6,504.3,500.0,0.0,3361,14,757,0,-743,2,18,4,0,0,0,6
normal,7573ca71,584.3,green,462.7,518.1,500.0,45.0,5222,320,1085,191,-765,4,20,2,0,0,1,8
normal,915dc208,609.3,blue,513.3,521.1,500.0,0.0,416,28,802,0,-774,2,16,5,0,0,0,8
normal,54abfe66,612.6,blue,500.0,550.4,500.0,0.0,3067,0,858,0,-858,3,19,2,0,0,0,5
normal,ad471ddb,623.2,blue,571.2,507.4,500.0,0.0,4417,342,1221,0,-879,3,15,8,0,1,0,8
malicious_challenger,6aa82ac7,669.1,blue,622.4,629.6,500.0,0.0,7497,7637,6798,0,839,7,83,30,2,34,0,44
malicious_challenger,a8a5a9a1,654.1,blue,636.5,552.8,500.0,0.0,1542,6391,7876,0,-1485,13,59,29,0,37,0,50
malicious_challenger,96292c00,640.5,blue,557.7,592.6,500.0,0.0,12036,4159,7420,0,-3261,7,59,22,1,48,0,59
malicious_challenger,ea74b530,649.8,blue,586.4,595.4,500.0,0.0,14671,3000,6381,0,-3381,8,61,25,0,34,0,45
malicious_challenger,04c84021,665.0,blue,578.8,665.4,500.0,0.0,10160,3918,7593,0,-3676,11,72,25,0,40,0,48
lurker,4282d168,604.4,blue,514.6,500.0,500.0,0.0,911,471,193,0,279,1,0,0,0,0,0,4
lurker,f6bf30e3,600.7,blue,502.2,500.0,500.0,0.0,2019,393,197,0,196,1,0,0,0,0,0,4
lurker,931e7e0d,600.7,blue,502.5,500.0,500.0,0.0,1083,356,198,0,159,1,0,0,0,0,0,5
lurker,15fb76c1,604.5,blue,514.9,500.0,500.0,0.0,1813,329,199,0,130,1,0,0,0,0,0,2
lurker,24a2847d,600.0,blue,500.0,500.0,500.0,0.0,1972,170,92,0,78,0,0,0,1,0,0,4
lurker,a8dbb5b4,600.0,blue,500.0,500.0,500.0,0.0,1718,169,92,0,77,0,0,0,1,0,0,4
lurker,c424cc14,600.0,blue,500.0,500.0,500.0,0.0,1595,165,92,0,73,0,0,0,1,0,0,4
lurker,fc2ae324,601.4,blue,504.7,500.0,500.0,0.0,2002,253,193,0,60,1,0,0,0,0,0,1
lurker,427281ce,600.0,blue,500.0,500.0,500.0,0.0,1913,151,92,0,59,0,0,0,1,0,0,3
lurker,79b6b5c2,600.0,blue,500.0,500.0,500.0,0.0,1262,126,92,0,34,0,0,0,1,0,0,2
lurker,2ab51e1f,600.9,blue,503.1,500.0,500.0,0.0,1141,213,195,0,18,1,0,0,0,0,0,3
lurker,b6b7f6ac,600.0,blue,500.0,500.0,500.0,0.0,1629,0,0,0,0,0,0,0,0,0,0,4
lurker,29684f46,600.0,blue,500.0,500.0,500.0,0.0,1562,0,0,0,0,0,0,0,0,0,0,5
lurker,cb756fc2,600.0,blue,500.0,500.0,500.0,0.0,606,0,0,0,0,0,0,0,0,0,0,1
lurker,9da276af,600.0,blue,500.0,500.0,500.0,0.0,509,0,0,0,0,0,0,0,0,0,0,1
lurker,05bef6cd,600.0,blue,500.0,500.0,500.0,0.0,1155,0,0,0,0,0,0,0,0,0,0,5
lurker,3108bced,600.0,blue,500.0,500.0,500.0,0.0,1874,0,0,0,0,0,0,0,0,0,0,2
lurker,8fc6472c,600.0,blue,500.0,500.0,500.0,0.0,1504,0,0,0,0,0,0,0,0,0,0,0
lurker,ea5f2b73,600.0,blue,500.0,500.0,500.0,0.0,1129,0,0,0,0,0,0,0,0,0,0,2
lurker,a6477186,600.0,blue,500.0,500.0,500.0,0.0,1385,0,0,0,0,0,0,0,0,0,0,3
lurker,c7985346,600.0,blue,500.0,500.0,500.0,0.0,1015,0,0,0,0,0,0,0,0,0,0,2
lurker,33d1a084,600.0,blue,500.0,500.0,500.0,0.0,1831,0,0,0,0,0,0,0,0,0,0,4
lurker,3aae3517,600.0,blue,500.0,500.0,500.0,0.0,770,0,0,0,0,0,0,0,0,0,0,3
lurker,53c00ab3,600.0,blue,500.0,500.0,500.0,0.0,1255,0,0,0,0,0,0,0,0,0,0,1
lurker,db61fab4,600.0,blue,500.0,500.0,500.0,0.0,1738,0,0,0,0,0,0,0,0,0,0,2
lurker,8f87d805,600.0,blue,500.0,500.0,500.0,0.0,911,0,0,0,0,0,0,0,0,0,0,1
lurker,394e4eed,600.0,blue,500.0,500.0,500.0,0.0,1449,0,0,0,0,0,0,0,0,0,0,3
lurker,7403a76e,600.0,blue,500.0,500.0,500.0,0.0,1146,0,0,0,0,0,0,0,0,0,0,3
lurker,a00a1f5b,600.0,blue,500.0,500.0,500.0,0.0,1081,0,0,0,0,0,0,0,0,0,0,2
lurker,aa312525,600.0,blue,500.0,500.0,500.0,0.0,1505,0,0,0,0,0,0,0,0,0,0,1
lurker,fd6fa23f,600.0,blue,500.0,500.0,500.0,0.0,1507,0,0,0,0,0,0,0,0,0,0,4
lurker,ecc30bc1,600.0,blue,500.0,500.0,500.0,0.0,1510,0,0,0,0,0,0,0,0,0,0,3
lurker,a166b6fc,600.0,blue,500.0,500.0,500.0,0.0,630,0,0,0,0,0,0,0,0,0,0,2
lurker,1b5d3d47,600.0,blue,500.0,500.0,500.0,0.0,1407,0,0,0,0,0,0,0,0,0,0,3
lurker,60923407,600.0,blue,500.0,500.0,500.0,0.0,2199,0,0,0,0,0,0,0,0,0,0,5
lurker,4ce12926,600.0,blue,500.0,500.0,500.0,0.0,804,0,0,0,0,0,0,0,0,0,0,0
lurker,1e406875,600.0,blue,500.0,500.0,500.0,0.0,2504,0,0,0,0,0,0,0,0,0,0,2
lurker,1b818e55,600.0,blue,500.0,500.0,500.0,0.0,1708,0,0,0,0,0,0,0,0,0,0,1
lurker,2438fa3e,600.0,blue,500.0,500.0,500.0,0.0,1684,0,0,0,0,0,0,0,0,0,0,5
lurker,6e0189e8,600.0,blue,500.0,500.0,500.0,0.0,1912,0,0,0,0,0,0,0,0,0,0,3
lurker,a54505e2,600.0,blue,500.0,500.0,500.0,0.0,957,0,0,0,0,0,0,0,0,0,0,1
lurker,5d678ccc,600.0,blue,500.0,500.0,500.0,0.0,1533,0,0,0,0,0,0,0,0,0,0,2
lurker,7d4ce8c5,600.0,blue,500.0,500.0,500.0,0.0,1687,0,0,0,0,0,0,0,0,0,0,2
lurker,c34fc91e,600.0,blue,500.0,500.0,500.0,0.0,1906,0,0,0,0,0,0,0,0,0,0,3
lurker,1f744854,600.0,blue,500.0,500.0,500.0,0.0,983,0,0,0,0,0,0,0,0,0,0,2
lurker,f3ec1c9e,600.0,blue,500.0,500.0,500.0,0.0,1626,0,0,0,0,0,0,0,0,0,0,1
lurker,5bafc6cd,600.0,blue,500.0,500.0,500.0,0.0,1131,0,0,0,0,0,0,0,0,0,0,1
lurker,c1380401,600.0,blue,500.0,500.0,500.0,0.0,1350,0,0,0,0,0,0,0,0,0,0,4
lurker,bdd5e2d4,600.0,blue,500.0,500.0,500.0,0.0,962,0,0,0,0,0,0,0,0,0,0,3
lurker,5dc30880,600.0,blue,500.0,500.0,500.0,0.0,650,0,0,0,0,0,0,0,0,0,0,4
lurker,9ec378ec,600.0,blue,500.0,500.0,500.0,0.0,1032,0,0,0,0,0,0,0,0,0,0,1
lurker,34df31d6,600.0,blue,500.0,500.0,500.0,0.0,723,0,0,0,0,0,0,0,0,0,0,1
lurker,03390abe,600.0,blue,500.0,500.0,500.0,0.0,930,0,0,0,0,0,0,0,0,0,0,6
lurker,bbecb063,600.0,blue,500.0,500.0,500.0,0.0,1778,0,0,0,0,0,0,0,0,0,0,2
lurker,28bdef55,600.0,blue,500.0,500.0,500.0,0.0,623,0,0,0,0,0,0,0,0,0,0,1
lurker,78b438b4,600.0,blue,500.0,500.0,500.0,0.0,939,0,0,0,0,0,0,0,0,0,0,2
lurker,b584c698,600.0,blue,500.0,500.0,500.0,0.0,951,0,0,0,0,0,0,0,0,0,0,3
lurker,f21b229d,600.0,blue,500.0,500.0,500.0,0.0,1707,0,0,0,0,0,0,0,0,0,0,1
lurker,6ad518d4,600.0,blue,500.0,500.0,500.0,0.0,1863,0,0,0,0,0,0,0,0,0,0,2
lurker,bce53433,600.0,blue,500.0,500.0,500.0,0.0,1667,0,0,0,0,0,0,0,0,0,0,1
lurker,0adde6a0,600.0,blue,500.0,500.0,500.0,0.0,1816,0,0,0,0,0,0,0,0,0,0,2
lurker,38df7eee,600.0,blue,500.0,500.0,500.0,0.0,2086,0,0,0,0,0,0,0,0,0,0,4
lurker,3f8d6b34,600.0,blue,500.0,500.0,500.0,0.0,1236,0,0,0,0,0,0,0,0,0,0,6
lurker,06386c79,600.0,blue,500.0,500.0,500.0,0.0,506,0,0,0,0,0,0,0,0,0,0,2
lurker,261958bf,600.0,blue,500.0,500.0,500.0,0.0,1900,0,0,0,0,0,0,0,0,0,0,2
lurker,1af86a3f,600.0,blue,500.0,500.0,500.0,0.0,1245,0,0,0,0,0,0,0,0,0,0,1
lurker,5d242a76,600.0,blue,500.0,500.0,500.0,0.0,2499,0,0,0,0,0,0,0,0,0,0,2
lurker,bf9aa97f,600.0,blue,500.0,500.0,500.0,0.0,753,0,0,0,0,0,0,0,0,0,0,6
lurker,b8655068,600.0,blue,500.0,500.0,500.0,0.0,1347,0,0,0,0,0,0,0,0,0,0,0
lurker,78092a80,600.0,blue,500.0,500.0,500.0,0.0,1250,0,0,0,0,0,0,0,0,0,0,4
lurker,3f76e52c,600.0,blue,500.0,500.0,500.0,0.0,603,0,0,0,0,0,0,0,0,0,0,2
lurker,4c8af351,600.0,blue,500.0,500.0,500.0,0.0,1744,0,0,0,0,0,0,0,0,0,0,2
lurker,71fd91f9,600.0,blue,500.0,500.0,500.0,0.0,1113,0,0,0,0,0,0,0,0,0,0,0
lurker,00c8fd3a,600.0,blue,500.0,500.0,500.0,0.0,677,0,0,0,0,0,0,0,0,0,0,4
lurker,4541208e,600.0,blue,500.0,500.0,500.0,0.0,1463,0,0,0,0,0,0,0,0,0,0,1
lurker,88294832,600.0,blue,500.0,500.0,500.0,0.0,1589,0,0,0,0,0,0,0,0,0,0,1
lurker,b006d902,600.0,blue,500.0,500.0,500.0,0.0,1668,0,0,0,0,0,0,0,0,0,0,3
lurker,19a28b1b,600.0,blue,500.0,500.0,500.0,0.0,1720,0,0,0,0,0,0,0,0,0,0,3
lurker,11d0b8c1,600.0,blue,500.0,500.0,500.0,0.0,1498,0,0,0,0,0,0,0,0,0,0,2
lurker,6a9e9c44,600.0,blue,500.0,500.0,500.0,0.0,1869,0,0,0,0,0,0,0,0,0,0,2
lurker,10aaa9b3,600.0,blue,500.0,500.0,500.0,0.0,1839,0,0,0,0,0,0,0,0,0,0,2
lurker,29199e6b,600.0,blue,500.0,500.0,500.0,0.0,2231,0,0,0,0,0,0,0,0,0,0,2
lurker,04234031,600.0,blue,500.0,500.0,500.0,0.0,761,0,0,0,0,0,0,0,0,0,0,2
lurker,aa324547,600.0,blue,500.0,500.0,500.0,0.0,2422,0,0,0,0,0,0,0,0,0,0,2
lurker,22b7d7de,600.0,blue,500.0,500.0,500.0,0.0,1997,0,0,0,0,0,0,0,0,0,0,3
lurker,76d28b2f,600.0,blue,500.0,500.0,500.0,0.0,1376,0,0,0,0,0,0,0,0,0,0,4
lurker,074d05de,600.0,blue,500.0,500.0,500.0,0.0,806,0,0,0,0,0,0,0,0,0,0,1
lurker,c80ce470,600.0,blue,500.0,500.0,500.0,0.0,1339,0,0,0,0,0,0,0,0,0,0,4
lurker,009bff91,600.0,blue,500.0,500.0,500.0,0.0,1738,0,0,0,0,0,0,0,0,0,0,4
lurker,7148af06,600.0,blue,500.0,500.0,500.0,0.0,621,0,0,0,0,0,0,0,0,0,0,1
lurker,788400fc,600.0,blue,500.0,500.0,500.0,0.0,1872,0,0,0,0,0,0,0,0,0,0,2
lurker,a05474c2,600.0,blue,500.0,500.0,500.0,0.0,2289,0,0,0,0,0,0,0,0,0,0,2
lurker,441d3e4e,600.0,blue,500.0,500.0,500.0,0.0,615,0,0,0,0,0,0,0,0,0,0,3
lurker,96bdee2f,600.0,blue,500.0,500.0,500.0,0.0,896,0,0,0,0,0,0,0,0,0,0,1
lurker,7778e6f3,600.0,blue,500.0,500.0,500.0,0.0,2594,0,0,0,0,0,0,0,0,0,0,0
lurker,0fd274ab,600.0,blue,500.0,500.0,500.0,0.0,1117,0,0,0,0,0,0,0,0,0,0,1
lurker,e9832d93,600.0,blue,500.0,500.0,500.0,0.0,1199,0,0,0,0,0,0,0,0,0,0,2
lurker,cca0775e,600.0,blue,500.0,500.0,500.0,0.0,1241,0,0,0,0,0,0,0,0,0,0,1
lurker,d3a2132f,600.0,blue,500.0,500.0,500.0,0.0,1490,0,0,0,0,0,0,0,0,0,0,2
lurker,1f1a5cc4,600.0,blue,500.0,500.0,500.0,0.0,1143,0,0,0,0,0,0,0,0,0,0,2
lurker,b5801b02,600.0,blue,500.0,500.0,500.0,0.0,1358,0,0,0,0,0,0,0,0,0,0,3
lurker,bee43bd6,600.0,blue,500.0,500.0,500.0,0.0,1337,0,0,0,0,0,0,0,0,0,0,1
lurker,c6228efe,600.0,blue,500.0,500.0,500.0,0.0,1882,0,0,0,0,0,0,0,0,0,0,0
lurker,cd3fe35d,600.0,blue,500.0,500.0,500.0,0.0,1190,0,0,0,0,0,0,0,0,0,0,2
lurker,69af5f52,600.0,blue,500.0,500.0,500.0,0.0,1430,0,0,0,0,0,0,0,0,0,0,0
lurker,aaad6dbe,600.0,blue,500.0,500.0,500.0,0.0,1915,0,0,0,0,0,0,0,0,0,0,4
lurker,95100ccd,600.0,blue,500.0,500.0,500.0,0.0,504,0,0,0,0,0,0,0,0,0,0,1
lurker,949351f9,600.0,blue,500.0,500.0,500.0,0.0,1916,0,0,0,0,0,0,0,0,0,0,3
lurker,5f010177,600.0,blue,500.0,500.0,500.0,0.0,995,0,0,0,0,0,0,0,0,0,0,5
lurker,e1daf159,600.0,blue,500.0,500.0,500.0,0.0,1398,0,0,0,0,0,0,0,0,0,0,5
lurker,e714a0e4,600.0,blue,500.0,500.0,500.0,0.0,522,0,0,0,0,0,0,0,0,0,0,6
lurker,d5911ed3,600.0,blue,500.0,500.0,500.0,0.0,1483,0,0,0,0,0,0,0,0,0,0,1
lurker,00128528,600.0,blue,500.0,500.0,500.0,0.0,1437,0,0,0,0,0,0,0,0,0,0,0
lurker,99ee11ee,600.0,blue,500.0,500.0,500.0,0.0,1642,0,0,0,0,0,0,0,0,0,0,0
lurker,3489b8df,600.0,blue,500.0,500.0,500.0,0.0,1966,0,0,0,0,0,0,0,0,0,0,1
lurker,9d3d1b05,600.0,blue,500.0,500.0,500.0,0.0,1024,0,0,0,0,0,0,0,0,0,0,1
lurker,c35a8b2c,600.0,blue,500.0,500.0,500.0,0.0,1062,0,0,0,0,0,0,0,0,0,0,5
lurker,1e84297b,600.0,blue,500.0,500.0,500.0,0.0,1045,0,0,0,0,0,0,0,0,0,0,0
lurker,da81c014,600.0,blue,500.0,500.0,500.0,0.0,1848,0,0,0,0,0,0,0,0,0,0,2
lurker,6be073c5,600.0,blue,500.0,500.0,500.0,0.0,1692,0,0,0,0,0,0,0,0,0,0,2
lurker,4c0a58ec,600.0,blue,500.0,500.0,500.0,0.0,847,0,0,0,0,0,0,0,0,0,0,2
lurker,d8f2d4b5,600.0,blue,500.0,500.0,500.0,0.0,1059,0,0,0,0,0,0,0,0,0,0,1
lurker,bc4d98ac,600.0,blue,500.0,500.0,500.0,0.0,1199,0,0,0,0,0,0,0,0,0,0,1
lurker,c5626b3c,600.0,blue,500.0,500.0,500.0,0.0,1786,0,0,0,0,0,0,0,0,0,0,3
lurker,63b940fc,600.0,blue,500.0,500.0,500.0,0.0,1402,0,0,0,0,0,0,0,0,0,0,1
lurker,a8e75249,600.0,blue,500.0,500.0,500.0,0.0,1179,0,0,0,0,0,0,0,0,0,0,4
lurker,d16b96fc,600.0,blue,500.0,500.0,500.0,0.0,974,0,0,0,0,0,0,0,0,0,0,2
lurker,e0d3fa9e,600.0,blue,500.0,500.0,500.0,0.0,708,0,0,0,0,0,0,0,0,0,0,0
lurker,0e9b3d93,600.0,blue,500.0,500.0,500.0,0.0,628,0,0,0,0,0,0,0,0,0,0,3
lurker,1e357cfc,600.0,blue,500.0,500.0,500.0,0.0,1200,0,0,0,0,0,0,0,0,0,0,2
lurker,48530a8e,600.0,blue,500.0,500.0,500.0,0.0,1772,0,0,0,0,0,0,0,0,0,0,3
lurker,1cd53dc6,600.0,blue,500.0,500.0,500.0,0.0,1784,0,0,0,0,0,0,0,0,0,0,1
lurker,36ca772a,600.0,blue,500.0,500.0,500.0,0.0,1311,0,0,0,0,0,0,0,0,0,0,2
lurker,33598144,600.0,blue,500.0,500.0,500.0,0.0,1240,0,0,0,0,0,0,0,0,0,0,4
lurker,d3fda569,600.0,blue,500.0,500.0,500.0,0.0,963,0,0,0,0,0,0,0,0,0,0,5
lurker,d7bb3b17,600.0,blue,500.0,500.0,500.0,0.0,1040,0,0,0,0,0,0,0,0,0,0,1
lurker,df1bfced,600.0,blue,500.0,500.0,500.0,0.0,1479,0,0,0,0,0,0,0,0,0,0,2
lurker,e97be7bb,600.0,blue,500.0,500.0,500.0,0.0,1908,0,0,0,0,0,0,0,0,0,0,3
lurker,8f572d0a,600.0,blue,500.0,500.0,500.0,0.0,892,0,0,0,0,0,0,0,0,0,0,3
lurker,3f3a5fba,600.0,blue,500.0,500.0,500.0,0.0,769,0,0,0,0,0,0,0,0,0,0,1
lurker,a7cad2a6,600.0,blue,500.0,500.0,500.0,0.0,1327,0,0,0,0,0,0,0,0,0,0,1
lurker,8044c497,600.0,blue,500.0,500.0,500.0,0.0,552,0,0,0,0,0,0,0,0,0,0,4
lurker,212a9637,600.0,blue,500.0,500.0,500.0,0.0,1533,0,0,0,0,0,0,0,0,0,0,0
lurker,f6022028,600.0,blue,500.0,500.0,500.0,0.0,1620,0,0,0,0,0,0,0,0,0,0,1
lurker,0361a304,600.0,blue,500.0,500.0,500.0,0.0,1236,0,0,0,0,0,0,0,0,0,0,1
lurker,e6e7f1c0,600.0,blue,500.0,500.0,500.0,0.0,1744,0,0,0,0,0,0,0,0,0,0,3
lurker,8bc29bb9,600.0,blue,500.0,500.0,500.0,0.0,1330,0,0,0,0,0,0,0,0,0,0,3
lurker,9da35baa,600.0,blue,500.0,500.0,500.0,0.0,2958,0,0,0,0,0,0,0,0,0,0,1
lurker,d38ddbc0,600.0,blue,500.0,500.0,500.0,0.0,1590,0,0,0,0,0,0,0,0,0,0,0
lurker,ad939abe,600.0,blue,500.0,500.0,500.0,0.0,1558,0,0,0,0,0,0,0,0,0,0,3
lurker,2f308081,600.0,blue,500.0,500.0,500.0,0.0,1029,0,0,0,0,0,0,0,0,0,0,3
lurker,0b9a3640,600.0,blue,500.0,500.0,500.0,0.0,1661,0,0,0,0,0,0,0,0,0,0,3
lurker,9633ca5b,600.0,blue,500.0,500.0,500.0,0.0,1520,0,0,0,0,0,0,0,0,0,0,1
lurker,27622106,600.0,blue,500.0,500.0,500.0,0.0,722,0,0,0,0,0,0,0,0,0,0,1
lurker,88eca692,600.0,blue,500.0,500.0,500.0,0.0,1179,0,0,0,0,0,0,0,0,0,0,4
lurker,74441cd9,600.0,blue,500.0,500.0,500.0,0.0,804,0,0,0,0,0,0,0,0,0,0,2
lurker,f65ff407,600.0,blue,500.0,500.0,500.0,0.0,1634,0,0,0,0,0,0,0,0,0,0,4
lurker,733dd679,600.0,blue,500.0,500.0,500.0,0.0,1375,0,0,0,0,0,0,0,0,0,0,1
lurker,cf0f131b,600.0,blue,500.0,500.0,500.0,0.0,1394,0,0,0,0,0,0,0,0,0,0,0
lurker,c232c90b,600.0,blue,500.0,500.0,500.0,0.0,557,0,0,0,0,0,0,0,0,0,0,0
lurker,616a0598,600.0,blue,500.0,500.0,500.0,0.0,1571,0,0,0,0,0,0,0,0,0,0,3
lurker,314cc465,600.0,blue,500.0,500.0,500.0,0.0,1551,0,0,0,0,0,0,0,0,0,0,1
lurker,ab169657,600.0,blue,500.0,500.0,500.0,0.0,580,0,0,0,0,0,0,0,0,0,0,2
lurker,cef60c93,600.0,blue,500.0,500.0,500.0,0.0,1871,0,0,0,0,0,0,0,0,0,0,4
lurker,7163a818,600.0,blue,500.0,500.0,500.0,0.0,536,0,0,0,0,0,0,0,0,0,0,1
lurker,8a8bb161,600.0,blue,500.0,500.0,500.0,0.0,1213,0,0,0,0,0,0,0,0,0,0,0
lurker,9858911c,600.0,blue,500.0,500.0,500.0,0.0,1508,0,0,0,0,0,0,0,0,0,0,3
lurker,a3a86aaa,600.0,blue,500.0,500.0,500.0,0.0,1662,0,0,0,0,0,0,0,0,0,0,1
lurker,98117c2f,600.0,blue,500.0,500.0,500.0,0.0,938,0,0,0,0,0,0,0,0,0,0,1
lurker,bda44b3e,600.0,blue,500.0,500.0,500.0,0.0,1421,0,0,0,0,0,0,0,0,0,0,2
lurker,64dc42b3,600.0,blue,500.0,500.0,500.0,0.0,2719,0,0,0,0,0,0,0,0,0,0,3
lurker,6b8076b6,600.0,blue,500.0,500.0,500.0,0.0,1630,0,0,0,0,0,0,0,0,0,0,3
lurker,9f774b50,600.0,blue,500.0,500.0,500.0,0.0,995,0,0,0,0,0,0,0,0,0,0,1
lurker,26a6483a,600.0,blue,500.0,500.0,500.0,0.0,886,0,0,0,0,0,0,0,0,0,0,1
lurker,515c1562,600.0,blue,500.0,500.0,500.0,0.0,1474,0,0,0,0,0,0,0,0,0,0,2
lurker,b23c57cd,600.0,blue,500.0,500.0,500.0,0.0,681,0,0,0,0,0,0,0,0,0,0,2
lurker,00c723bf,600.0,blue,500.0,500.0,500.0,0.0,661,0,0,0,0,0,0,0,0,0,0,1
lurker,f0cf32d3,600.0,blue,500.0,500.0,500.0,0.0,1376,0,0,0,0,0,0,0,0,0,0,1
lurker,18c7aa68,600.0,blue,500.0,500.0,500.0,0.0,1890,0,0,0,0,0,0,0,0,0,0,1
lurker,5d9394d1,600.0,blue,500.0,500.0,500.0,0.0,786,0,0,0,0,0,0,0,0,0,0,2
lurker,ae9a120f,600.0,blue,500.0,500.0,500.0,0.0,1152,0,0,0,0,0,0,0,0,0,0,1
lurker,35713930,600.0,blue,500.0,500.0,500.0,0.0,1922,0,0,0,0,0,0,0,0,0,0,0
lurker,b63b6d9a,600.0,blue,500.0,500.0,500.0,0.0,736,0,0,0,0,0,0,0,0,0,0,3
lurker,5c847700,600.0,blue,500.0,500.0,500.0,0.0,720,0,0,0,0,0,0,0,0,0,0,3
lurker,982a6172,600.0,blue,500.0,500.0,500.0,0.0,1001,0,0,0,0,0,0,0,0,0,0,0
lurker,f55e328b,600.0,blue,500.0,500.0,500.0,0.0,2148,0,0,0,0,0,0,0,0,0,0,4
lurker,2b71ae6b,600.0,blue,500.0,500.0,500.0,0.0,1075,0,0,0,0,0,0,0,0,0,0,4
lurker,75993439,600.0,blue,500.0,500.0,500.0,0.0,1425,0,0,0,0,0,0,0,0,0,0,1
lurker,2704e3ba,600.0,blue,500.0,500.0,500.0,0.0,1832,0,0,0,0,0,0,0,0,0,0,3
lurker,44cf75ff,600.0,blue,500.0,500.0,500.0,0.0,1516,0,0,0,0,0,0,0,0,0,0,3
lurker,44161924,600.0,blue,500.0,500.0,500.0,0.0,1537,0,0,0,0,0,0,0,0,0,0,1
lurker,ec4fe778,600.0,blue,500.0,500.0,500.0,0.0,746,0,0,0,0,0,0,0,0,0,0,2
lurker,6c5a38b4,600.0,blue,500.0,500.0,500.0,0.0,1103,0,0,0,0,0,0,0,0,0,0,1
lurker,1f03f562,600.0,blue,500.0,500.0,500.0,0.0,977,0,0,0,0,0,0,0,0,0,0,3
lurker,d6a3e374,600.0,blue,500.0,500.0,500.0,0.0,2082,0,0,0,0,0,0,0,0,0,0,1
lurker,04a19e80,600.0,blue,500.0,500.0,500.0,0.0,1127,0,0,0,0,0,0,0,0,0,0,2
lurker,580c1837,600.0,blue,500.0,500.0,500.0,0.0,1270,0,0,0,0,0,0,0,0,0,0,3
lurker,6faf9019,600.0,blue,500.0,500.0,500.0,0.0,1128,0,0,0,0,0,0,0,0,0,0,2
lurker,aa904ea7,600.0,blue,500.0,500.0,500.0,0.0,978,0,0,0,0,0,0,0,0,0,0,3
lurker,f8790b78,600.0,blue,500.0,500.0,500.0,0.0,1326,0,0,0,0,0,0,0,0,0,0,1
lurker,cfe34d6f,600.0,blue,500.0,500.0,500.0,0.0,765,0,0,0,0,0,0,0,0,0,0,3
lurker,8f70fdbb,600.0,blue,500.0,500.0,500.0,0.0,620,0,0,0,0,0,0,0,0,0,0,4
lurker,c6886736,600.0,blue,500.0,500.0,500.0,0.0,1537,0,0,0,0,0,0,0,0,0,0,2
lurker,1f81d5aa,600.0,blue,500.0,500.0,500.0,0.0,1523,0,0,0,0,0,0,0,0,0,0,1
lurker,aa383c68,600.0,blue,500.0,500.0,500.0,0.0,1786,0,0,0,0,0,0,0,0,0,0,0
lurker,0f399f95,600.0,blue,500.0,500.0,500.0,0.0,1858,0,0,0,0,0,0,0,0,0,0,2
lurker,d4507e9c,600.0,blue,500.0,500.0,500.0,0.0,1670,0,0,0,0,0,0,0,0,0,0,3
lurker,12d7d094,600.0,blue,500.0,500.0,500.0,0.0,1058,0,0,0,0,0,0,0,0,0,0,2
lurker,1945a6c3,600.0,blue,500.0,500.0,500.0,0.0,2012,0,0,0,0,0,0,0,0,0,0,0
lurker,39e65a5d,600.0,blue,500.0,500.0,500.0,0.0,1706,0,0,0,0,0,0,0,0,0,0,3
lurker,c0aa9052,600.0,blue,500.0,500.0,500.0,0.0,1344,0,0,0,0,0,0,0,0,0,0,1
lurker,dfad1a1b,600.0,blue,500.0,500.0,500.0,0.0,908,0,0,0,0,0,0,0,0,0,0,2
lurker,cf94a639,600.0,blue,500.0,500.0,500.0,0.0,1916,0,0,0,0,0,0,0,0,0,0,2
lurker,888f0948,600.0,blue,500.0,500.0,500.0,0.0,915,0,0,0,0,0,0,0,0,0,0,0
lurker,2b78072e,600.0,blue,500.0,500.0,500.0,0.0,1719,0,0,0,0,0,0,0,0,0,0,2
lurker,d1d7be42,600.0,blue,500.0,500.0,500.0,0.0,1645,0,0,0,0,0,0,0,0,0,0,1
lurker,752cbe1f,600.0,blue,500.0,500.0,500.0,0.0,868,0,0,0,0,0,0,0,0,0,0,3
lurker,59d15f00,600.0,blue,500.0,500.0,500.0,0.0,1553,0,0,0,0,0,0,0,0,0,0,1
lurker,213eeed2,600.0,blue,500.0,500.0,500.0,0.0,945,0,0,0,0,0,0,0,0,0,0,2
lurker,518039a4,600.0,blue,500.0,500.0,500.0,0.0,1468,0,0,0,0,0,0,0,0,0,0,1
lurker,7aa1e71a,600.0,blue,500.0,500.0,500.0,0.0,1800,0,0,0,0,0,0,0,0,0,0,2
lurker,b6df4fb9,600.0,blue,500.0,500.0,500.0,0.0,1730,0,0,0,0,0,0,0,0,0,0,2
lurker,bbfeccc6,600.0,blue,500.0,500.0,500.0,0.0,1123,0,0,0,0,0,0,0,0,0,0,2
lurker,e2c8804a,600.0,blue,500.0,500.0,500.0,0.0,1483,0,0,0,0,0,0,0,0,0,0,4
lurker,3bbac8ee,600.0,blue,500.0,500.0,500.0,0.0,1325,0,0,0,0,0,0,0,0,0,0,1
lurker,f030dc57,600.0,blue,500.0,500.0,500.0,0.0,756,0,0,0,0,0,0,0,0,0,0,2
lurker,5784e0dd,600.0,blue,500.0,500.0,500.0,0.0,1193,0,0,0,0,0,0,0,0,0,0,1
lurker,a60ba031,600.0,blue,500.0,500.0,500.0,0.0,1466,0,0,0,0,0,0,0,0,0,0,6
lurker,c43f1e68,600.0,blue,500.0,500.0,500.0,0.0,1720,0,0,0,0,0,0,0,0,0,0,2
lurker,492d67df,600.0,blue,500.0,500.0,500.0,0.0,766,0,0,0,0,0,0,0,0,0,0,2
lurker,bd480069,600.0,blue,500.0,500.0,500.0,0.0,1511,0,0,0,0,0,0,0,0,0,0,1
lurker,81cf105d,600.0,blue,500.0,500.0,500.0,0.0,1982,0,0,0,0,0,0,0,0,0,0,3
lurker,92765032,600.0,blue,500.0,500.0,500.0,0.0,574,0,0,0,0,0,0,0,0,0,0,3
lurker,28dd5a3c,600.0,blue,500.0,500.0,500.0,0.0,953,0,0,0,0,0,0,0,0,0,0,4
lurker,13321387,600.0,blue,500.0,500.0,500.0,0.0,642,0,0,0,0,0,0,0,0,0,0,2
lurker,8f67c6f0,600.0,blue,500.0,500.0,500.0,0.0,1480,0,0,0,0,0,0,0,0,0,0,1
lurker,d6d2327c,600.0,blue,500.0,500.0,500.0,0.0,1557,0,0,0,0,0,0,0,0,0,0,4
lurker,3c722a8d,600.0,blue,500.0,500.0,500.0,0.0,1353,0,0,0,0,0,0,0,0,0,0,5
lurker,2e638768,600.0,blue,500.0,500.0,500.0,0.0,1656,0,0,0,0,0,0,0,0,0,0,3
lurker,232cbc4b,600.0,blue,500.0,500.0,500.0,0.0,1903,0,0,0,0,0,0,0,0,0,0,1
lurker,c3b645b7,600.0,blue,500.0,500.0,500.0,0.0,915,0,0,0,0,0,0,0,0,0,0,3
lurker,b497d234,600.0,blue,500.0,500.0,500.0,0.0,613,0,0,0,0,0,0,0,0,0,0,0
lurker,f656c741,600.0,blue,500.0,500.0,500.0,0.0,1487,0,0,0,0,0,0,0,0,0,0,0
lurker,02314455,600.0,blue,500.0,500.0,500.0,0.0,1002,0,0,0,0,0,0,0,0,0,0,1
lurker,860c6c9e,600.0,blue,500.0,500.0,500.0,0.0,672,0,0,0,0,0,0,0,0,0,0,2
lurker,22d7337e,600.0,blue,500.0,500.0,500.0,0.0,1693,0,0,0,0,0,0,0,0,0,0,6
lurker,710bab9f,600.0,blue,500.0,500.0,500.0,0.0,1007,0,0,0,0,0,0,0,0,0,0,1
lurker,a5076ea5,600.0,blue,500.0,500.0,500.0,0.0,1591,0,0,0,0,0,0,0,0,0,0,3
lurker,2a197dd4,600.0,blue,500.0,500.0,500.0,0.0,1155,0,0,0,0,0,0,0,0,0,0,2
lurker,4d19223f,600.0,blue,500.0,500.0,500.0,0.0,1572,0,0,0,0,0,0,0,0,0,0,3
lurker,00a55d98,600.0,blue,500.0,500.0,500.0,0.0,1107,0,0,0,0,0,0,0,0,0,0,1
lurker,02503b38,600.0,blue,500.0,500.0,500.0,0.0,1687,0,0,0,0,0,0,0,0,0,0,2
lurker,29c6a19f,600.0,blue,500.0,500.0,500.0,0.0,1304,0,0,0,0,0,0,0,0,0,0,3
lurker,10e13670,600.0,blue,500.0,500.0,500.0,0.0,2496,0,0,0,0,0,0,0,0,0,0,1
lurker,aa7b469d,600.0,blue,500.0,500.0,500.0,0.0,1645,0,0,0,0,0,0,0,0,0,0,1
lurker,bbfe5a87,600.0,blue,500.0,500.0,500.0,0.0,1990,0,0,0,0,0,0,0,0,0,0,2
lurker,a205427a,600.0,blue,500.0,500.0,500.0,0.0,1496,0,0,0,0,0,0,0,0,0,0,2
lurker,8afbcb83,600.0,blue,500.0,500.0,500.0,0.0,1244,0,0,0,0,0,0,0,0,0,0,1
lurker,9b962eac,600.0,blue,500.0,500.0,500.0,0.0,1941,0,0,0,0,0,0,0,0,0,0,1
lurker,1f3d41b0,600.0,blue,500.0,500.0,500.0,0.0,773,0,0,0,0,0,0,0,0,0,0,2
lurker,9a011f03,600.0,blue,500.0,500.0,500.0,0.0,3124,0,0,0,0,0,0,0,0,0,0,2
lurker,3d1f9680,600.0,blue,500.0,500.0,500.0,0.0,1135,0,0,0,0,0,0,0,0,0,0,2
lurker,f790259e,600.0,blue,500.0,500.0,500.0,0.0,700,0,0,0,0,0,0,0,0,0,0,1
lurker,bcf99f0d,600.0,blue,500.0,500.0,500.0,0.0,1457,0,0,0,0,0,0,0,0,0,0,1
lurker,03184009,600.0,blue,500.0,500.0,500.0,0.0,2106,0,0,0,0,0,0,0,0,0,0,4
lurker,bc09dda3,600.0,blue,500.0,500.0,500.0,0.0,935,0,0,0,0,0,0,0,0,0,0,2
lurker,73f7a02c,600.0,blue,500.0,500.0,500.0,0.0,1565,0,0,0,0,0,0,0,0,0,0,4
lurker,ecb63159,600.0,blue,500.0,500.0,500.0,0.0,1779,0,0,0,0,0,0,0,0,0,0,2
lurker,d6bfdd01,600.0,blue,500.0,500.0,500.0,0.0,531,0,0,0,0,0,0,0,0,0,0,1
lurker,ccd864d5,600.0,blue,500.0,500.0,500.0,0.0,801,0,0,0,0,0,0,0,0,0,0,2
lurker,1e97d85d,600.0,blue,500.0,500.0,500.0,0.0,1367,0,0,0,0,0,0,0,0,0,0,0
lurker,f4700323,600.0,blue,500.0,500.0,500.0,0.0,1162,0,0,0,0,0,0,0,0,0,0,3
lurker,a4545c10,600.0,blue,500.0,500.0,500.0,0.0,2461,0,0,0,0,0,0,0,0,0,0,3
lurker,af92b11c,600.0,blue,500.0,500.0,500.0,0.0,1790,0,0,0,0,0,0,0,0,0,0,1
lurker,fd0493ac,600.0,blue,500.0,500.0,500.0,0.0,1782,0,0,0,0,0,0,0,0,0,0,0
lurker,cc78a37c,600.0,blue,500.0,500.0,500.0,0.0,1762,0,0,0,0,0,0,0,0,0,0,1
lurker,b19ee911,600.0,blue,500.0,500.0,500.0,0.0,1830,0,0,0,0,0,0,0,0,0,0,2
lurker,6245f436,600.0,blue,500.0,500.0,500.0,0.0,1249,0,0,0,0,0,0,0,0,0,0,0
lurker,169a2156,600.0,blue,500.0,500.0,500.0,0.0,1947,0,0,0,0,0,0,0,0,0,0,0
lurker,5b06a0c8,600.0,blue,500.0,500.0,500.0,0.0,1596,0,0,0,0,0,0,0,0,0,0,2
lurker,3744a5b3,600.0,blue,500.0,500.0,500.0,0.0,1524,0,0,0,0,0,0,0,0,0,0,2
lurker,9c57841a,600.0,blue,500.0,500.0,500.0,0.0,977,0,0,0,0,0,0,0,0,0,0,1
lurker,ec47d4fa,600.0,blue,500.0,500.0,500.0,0.0,899,0,0,0,0,0,0,0,0,0,0,2
lurker,afd50f51,600.0,blue,500.0,500.0,500.0,0.0,1870,0,0,0,0,0,0,0,0,0,0,1
lurker,399af6ec,600.0,blue,500.0,500.0,500.0,0.0,1679,0,0,0,0,0,0,0,0,0,0,2
lurker,e7e3c122,600.0,blue,500.0,500.0,500.0,0.0,2326,0,0,0,0,0,0,0,0,0,0,1
lurker,c8e0af73,600.0,blue,500.0,500.0,500.0,0.0,1943,0,0,0,0,0,0,0,0,0,0,0
lurker,5ad0b39f,600.0,blue,500.0,500.0,500.0,0.0,1129,0,0,0,0,0,0,0,0,0,0,2
lurker,3db6e289,600.0,blue,500.0,500.0,500.0,0.0,837,0,0,0,0,0,0,0,0,0,0,4
lurker,b4d5fe83,600.0,blue,500.0,500.0,500.0,0.0,1700,0,0,0,0,0,0,0,0,0,0,6
lurker,c89aa3bd,600.0,blue,500.0,500.0,500.0,0.0,1845,0,0,0,0,0,0,0,0,0,0,3
lurker,d3c5292d,600.0,blue,500.0,500.0,500.0,0.0,816,0,0,0,0,0,0,0,0,0,0,3
lurker,e0e1e2e9,600.0,blue,500.0,500.0,500.0,0.0,1923,0,0,0,0,0,0,0,0,0,0,1
lurker,b5c06469,600.0,blue,500.0,500.0,500.0,0.0,1092,0,0,0,0,0,0,0,0,0,0,0
lurker,ff4cd312,600.0,blue,500.0,500.0,500.0,0.0,576,0,0,0,0,0,0,0,0,0,0,0
lurker,432d8456,600.0,blue,500.0,500.0,500.0,0.0,2188,0,0,0,0,0,0,0,0,0,0,3
lurker,c42c5a6a,600.0,blue,500.0,500.0,500.0,0.0,743,0,0,0,0,0,0,0,0,0,0,5
lurker,91f093bd,600.0,blue,500.0,500.0,500.0,0.0,2136,0,0,0,0,0,0,0,0,0,0,6
lurker,497b48a0,600.0,blue,500.0,500.0,500.0,0.0,1849,0,0,0,0,0,0,0,0,0,0,2
lurker,64d4ae1a,600.0,blue,500.0,500.0,500.0,0.0,1301,0,0,0,0,0,0,0,0,0,0,0
lurker,7916b293,600.0,blue,500.0,500.0,500.0,0.0,1904,0,0,0,0,0,0,0,0,0,0,3
lurker,0f76f1f6,600.0,blue,500.0,500.0,500.0,0.0,1111,0,0,0,0,0,0,0,0,0,0,1
lurker,4c5cf70c,600.0,blue,500.0,500.0,500.0,0.0,2567,0,0,0,0,0,0,0,0,0,0,2
lurker,351a0557,600.0,blue,500.0,500.0,500.0,0.0,1186,0,0,0,0,0,0,0,0,0,0,1
lurker,46b73cbd,600.0,blue,500.0,500.0,500.0,0.0,1480,0,0,0,0,0,0,0,0,0,0,3
lurker,bc865577,600.0,blue,500.0,500.0,500.0,0.0,798,0,0,0,0,0,0,0,0,0,0,1
lurker,b08d163a,600.0,blue,500.0,500.0,500.0,0.0,1968,0,0,0,0,0,0,0,0,0,0,2
lurker,d51269f6,600.0,blue,500.0,500.0,500.0,0.0,1633,0,0,0,0,0,0,0,0,0,0,1
lurker,7457772b,600.0,blue,500.0,500.0,500.0,0.0,602,0,0,0,0,0,0,0,0,0,0,1
lurker,3a3598d2,600.0,blue,500.0,500.0,500.0,0.0,2063,0,0,0,0,0,0,0,0,0,0,2
lurker,8ede0531,600.0,blue,500.0,500.0,500.0,0.0,1775,0,0,0,0,0,0,0,0,0,0,2
lurker,daa7f9d2,600.0,blue,500.0,500.0,500.0,0.0,1838,0,0,0,0,0,0,0,0,0,0,3
lurker,e6317a4e,600.0,blue,500.0,500.0,500.0,0.0,1738,0,0,0,0,0,0,0,0,0,0,3
lurker,fd195639,600.0,blue,500.0,500.0,500.0,0.0,997,0,0,0,0,0,0,0,0,0,0,2
lurker,3212b9c6,600.0,blue,500.0,500.0,500.0,0.0,1090,0,0,0,0,0,0,0,0,0,0,4
lurker,188578e3,600.0,blue,500.0,500.0,500.0,0.0,1371,0,0,0,0,0,0,0,0,0,0,1
lurker,4478cc0c,600.0,blue,500.0,500.0,500.0,0.0,1004,0,0,0,0,0,0,0,0,0,0,2
lurker,732bdeb8,600.0,blue,500.0,500.0,500.0,0.0,505,0,0,0,0,0,0,0,0,0,0,4
lurker,0136acda,600.0,blue,500.0,500.0,500.0,0.0,2100,0,0,0,0,0,0,0,0,0,0,1
lurker,35947906,600.0,blue,500.0,500.0,500.0,0.0,935,0,0,0,0,0,0,0,0,0,0,3
lurker,f40ef374,600.0,blue,500.0,500.0,500.0,0.0,1544,0,0,0,0,0,0,0,0,0,0,1
lurker,f2b9d250,600.0,blue,500.0,500.0,500.0,0.0,1914,0,0,0,0,0,0,0,0,0,0,3
lurker,444bbc9f,600.0,blue,500.0,500.0,500.0,0.0,1938,0,0,0,0,0,0,0,0,0,0,3
lurker,883882b4,600.0,blue,500.0,500.0,500.0,0.0,2708,0,0,0,0,0,0,0,0,0,0,2
lurker,ef87bde8,600.0,blue,500.0,500.0,500.0,0.0,1953,0,0,0,0,0,0,0,0,0,0,5
lurker,8f61068a,600.0,blue,500.0,500.0,500.0,0.0,1848,0,0,0,0,0,0,0,0,0,0,2
lurker,1cb805ae,600.0,blue,500.0,500.0,500.0,0.0,922,0,0,0,0,0,0,0,0,0,0,2
lurker,d8caa96a,600.0,blue,500.0,500.0,500.0,0.0,1040,0,0,0,0,0,0,0,0,0,0,5
lurker,692b14f2,600.0,blue,500.0,500.0,500.0,0.0,885,0,0,0,0,0,0,0,0,0,0,5
lurker,8eeaf1c8,600.0,blue,500.0,500.0,500.0,0.0,1109,0,0,0,0,0,0,0,0,0,0,1
lurker,70376381,600.0,blue,500.0,500.0,500.0,0.0,893,0,0,0,0,0,0,0,0,0,0,3
lurker,9da99439,600.0,blue,500.0,500.0,500.0,0.0,1508,0,0,0,0,0,0,0,0,0,0,2
lurker,1ddac445,600.0,blue,500.0,500.0,500.0,0.0,1313,0,0,0,0,0,0,0,0,0,0,2
lurker,4d0b1411,600.0,blue,500.0,500.0,500.0,0.0,1838,0,0,0,0,0,0,0,0,0,0,1
lurker,02467118,600.0,blue,500.0,500.0,500.0,0.0,1598,0,0,0,0,0,0,0,0,0,0,1
lurker,8f5280f6,600.0,blue,500.0,500.0,500.0,0.0,1897,0,0,0,0,0,0,0,0,0,0,3
lurker,9d528602,600.0,blue,500.0,500.0,500.0,0.0,1595,0,0,0,0,0,0,0,0,0,0,2
lurker,e4615323,600.0,blue,500.0,500.0,500.0,0.0,2165,0,0,0,0,0,0,0,0,0,0,2
lurker,22651fed,600.0,blue,500.0,500.0,500.0,0.0,2464,0,0,0,0,0,0,0,0,0,0,2
lurker,3045dcbc,600.0,blue,500.0,500.0,500.0,0.0,1962,0,0,0,0,0,0,0,0,0,0,3
lurker,474e8d97,600.0,blue,500.0,500.0,500.0,0.0,974,0,0,0,0,0,0,0,0,0,0,3
lurker,128c19d9,600.0,blue,500.0,500.0,500.0,0.0,1335,0,0,0,0,0,0,0,0,0,0,2
lurker,8adc45cc,600.0,blue,500.0,500.0,500.0,0.0,1033,0,0,0,0,0,0,0,0,0,0,6
lurker,878ba684,600.0,blue,500.0,500.0,500.0,0.0,1510,0,0,0,0,0,0,0,0,0,0,2
lurker,18099941,600.0,blue,500.0,500.0,500.0,0.0,1650,0,0,0,0,0,0,0,0,0,0,2
lurker,ad80fe02,600.0,blue,500.0,500.0,500.0,0.0,1231,0,0,0,0,0,0,0,0,0,0,1
lurker,a212eb48,600.0,blue,500.0,500.0,500.0,0.0,2255,0,0,0,0,0,0,0,0,0,0,3
lurker,e2bd8096,600.0,blue,500.0,500.0,500.0,0.0,775,0,0,0,0,0,0,0,0,0,0,3
lurker,38d8c41b,600.0,blue,500.0,500.0,500.0,0.0,2000,0,0,0,0,0,0,0,0,0,0,1
lurker,89dc3838,600.0,blue,500.0,500.0,500.0,0.0,1727,0,0,0,0,0,0,0,0,0,0,2
lurker,05a14492,600.0,blue,500.0,500.0,500.0,0.0,944,0,0,0,0,0,0,0,0,0,0,0
lurker,30f85775,600.0,blue,500.0,500.0,500.0,0.0,1396,0,0,0,0,0,0,0,0,0,0,0
lurker,e2984c8a,600.0,blue,500.0,500.0,500.0,0.0,1102,0,0,0,0,0,0,0,0,0,0,1
lurker,2f1816a9,600.0,blue,500.0,500.0,500.0,0.0,710,0,0,0,0,0,0,0,0,0,0,2
lurker,149dab77,600.0,blue,500.0,500.0,500.0,0.0,1413,0,0,0,0,0,0,0,0,0,0,2
lurker,38d609ee,600.0,blue,500.0,500.0,500.0,0.0,1815,0,0,0,0,0,0,0,0,0,0,3
lurker,7f26d4a6,600.0,blue,500.0,500.0,500.0,0.0,1338,0,0,0,0,0,0,0,0,0,0,2
lurker,6b89dd3a,600.0,blue,500.0,500.0,500.0,0.0,973,0,0,0,0,0,0,0,0,0,0,7
lurker,955ecdc2,600.0,blue,500.0,500.0,500.0,0.0,1956,0,0,0,0,0,0,0,0,0,0,2
lurker,0442b07b,600.0,blue,500.0,500.0,500.0,0.0,1468,0,0,0,0,0,0,0,0,0,0,3
lurker,08884cf7,600.0,blue,500.0,500.0,500.0,0.0,1592,0,0,0,0,0,0,0,0,0,0,3
lurker,c7205347,600.0,blue,500.0,500.0,500.0,0.0,1351,0,0,0,0,0,0,0,0,0,0,0
lurker,8843ff63,600.0,blue,500.0,500.0,500.0,0.0,928,0,0,0,0,0,0,0,0,0,0,2
lurker,98ecf0c8,600.0,blue,500.0,500.0,500.0,0.0,1420,0,0,0,0,0,0,0,0,0,0,1
lurker,9219c0b0,600.0,blue,500.0,500.0,500.0,0.0,841,0,0,0,0,0,0,0,0,0,0,3
lurker,0751c514,600.0,blue,500.0,500.0,500.0,0.0,583,0,0,0,0,0,0,0,0,0,0,4
lurker,de88561e,600.0,blue,500.0,500.0,500.0,0.0,2857,0,0,0,0,0,0,0,0,0,0,6
lurker,22b3bde1,600.0,blue,500.0,500.0,500.0,0.0,1828,0,0,0,0,0,0,0,0,0,0,0
lurker,e401e615,600.0,blue,500.0,500.0,500.0,0.0,605,0,0,0,0,0,0,0,0,0,0,1
lurker,3bf9db76,600.0,blue,500.0,500.0,500.0,0.0,1576,0,0,0,0,0,0,0,0,0,0,2
lurker,0df38b91,600.0,blue,500.0,500.0,500.0,0.0,1200,0,0,0,0,0,0,0,0,0,0,2
lurker,11088fe3,600.0,blue,500.0,500.0,500.0,0.0,1466,0,0,0,0,0,0,0,0,0,0,2
lurker,410da427,600.0,blue,500.0,500.0,500.0,0.0,1082,0,0,0,0,0,0,0,0,0,0,4
lurker,e9772398,600.0,blue,500.0,500.0,500.0,0.0,1153,0,0,0,0,0,0,0,0,0,0,0
lurker,80ac080a,600.0,blue,500.0,500.0,500.0,0.0,1654,0,0,0,0,0,0,0,0,0,0,2
lurker,6947c293,600.0,blue,500.0,500.0,500.0,0.0,1190,0,0,0,0,0,0,0,0,0,0,5
lurker,1c1aca4d,600.0,blue,500.0,500.0,500.0,0.0,1426,0,0,0,0,0,0,0,0,0,0,6
lurker,4e94c052,600.0,blue,500.0,500.0,500.0,0.0,1798,0,0,0,0,0,0,0,0,0,0,0
lurker,f3863444,600.0,blue,500.0,500.0,500.0,0.0,1847,0,0,0,0,0,0,0,0,0,0,5
lurker,67449877,600.0,blue,500.0,500.0,500.0,0.0,1595,0,0,0,0,0,0,0,0,0,0,4
lurker,f35777ca,600.0,blue,500.0,500.0,500.0,0.0,927,0,0,0,0,0,0,0,0,0,0,3
lurker,023d74ad,600.0,blue,500.0,500.0,500.0,0.0,1201,0,0,0,0,0,0,0,0,0,0,4
lurker,d6e99dfd,600.0,blue,500.0,500.0,500.0,0.0,822,0,0,0,0,0,0,0,0,0,0,0
lurker,6ab4e848,600.0,blue,500.0,500.0,500.0,0.0,606,0,0,0,0,0,0,0,0,0,0,3
lurker,7e5c8349,600.0,blue,500.0,500.0,500.0,0.0,1697,0,0,0,0,0,0,0,0,0,0,2
lurker,1f8febd3,600.0,blue,500.0,500.0,500.0,0.0,1543,0,0,0,0,0,0,0,0,0,0,1
lurker,68437809,600.0,blue,500.0,500.0,500.0,0.0,1640,0,0,0,0,0,0,0,0,0,0,1
lurker,ca7a46f9,600.0,blue,500.0,500.0,500.0,0.0,1595,0,0,0,0,0,0,0,0,0,0,2
lurker,8623795e,600.0,blue,500.0,500.0,500.0,0.0,659,0,0,0,0,0,0,0,0,0,0,1
lurker,dc78451f,600.0,blue,500.0,500.0,500.0,0.0,1159,0,0,0,0,0,0,0,0,0,0,0
lurker,9db4a0e1,600.0,blue,500.0,500.0,500.0,0.0,2624,0,0,0,0,0,0,0,0,0,0,2
lurker,0dd87be1,600.0,blue,500.0,500.0,500.0,0.0,1813,0,0,0,0,0,0,0,0,0,0,4
lurker,0c726a5c,600.0,blue,500.0,500.0,500.0,0.0,1415,0,0,0,0,0,0,0,0,0,0,6
lurker,be1e0faf,600.0,blue,500.0,500.0,500.0,0.0,1551,0,0,0,0,0,0,0,0,0,0,6
lurker,8080c5df,600.0,blue,500.0,500.0,500.0,0.0,1353,0,0,0,0,0,0,0,0,0,0,0
lurker,bd6df3d6,600.0,blue,500.0,500.0,500.0,0.0,754,0,0,0,0,0,0,0,0,0,0,1
lurker,b9275059,600.0,blue,500.0,500.0,500.0,0.0,1319,0,0,0,0,0,0,0,0,0,0,1
lurker,58be98fe,600.0,blue,500.0,500.0,500.0,0.0,622,0,0,0,0,0,0,0,0,0,0,4
lurker,81ebb2ac,600.0,blue,500.0,500.0,500.0,0.0,1897,0,0,0,0,0,0,0,0,0,0,1
lurker,25c49b5c,600.0,blue,500.0,500.0,500.0,0.0,570,0,0,0,0,0,0,0,0,0,0,2
lurker,53e5d338,600.0,blue,500.0,500.0,500.0,0.0,1568,0,0,0,0,0,0,0,0,0,0,3
lurker,35f14389,600.0,blue,500.0,500.0,500.0,0.0,958,0,0,0,0,0,0,0,0,0,0,4
lurker,4d95e31e,600.0,blue,500.0,500.0,500.0,0.0,1735,0,0,0,0,0,0,0,0,0,0,1
lurker,62b28013,600.0,blue,500.0,500.0,500.0,0.0,846,0,0,0,0,0,0,0,0,0,0,3
lurker,c5668ec6,600.0,blue,500.0,500.0,500.0,0.0,1636,0,0,0,0,0,0,0,0,0,0,1
lurker,d631f461,600.0,blue,500.0,500.0,500.0,0.0,2100,0,0,0,0,0,0,0,0,0,0,3
lurker,efd18475,600.0,blue,500.0,500.0,500.0,0.0,2186,0,0,0,0,0,0,0,0,0,0,0
lurker,391d928e,600.0,blue,500.0,500.0,500.0,0.0,1486,0,0,0,0,0,0,0,0,0,0,1
lurker,c01de401,600.0,blue,500.0,500.0,500.0,0.0,1071,0,0,0,0,0,0,0,0,0,0,3
lurker,07a832bc,600.0,blue,500.0,500.0,500.0,0.0,1365,0,0,0,0,0,0,0,0,0,0,3
lurker,346161b2,600.0,blue,500.0,500.0,500.0,0.0,1031,0,0,0,0,0,0,0,0,0,0,4
lurker,c36496ef,600.0,blue,500.0,500.0,500.0,0.0,2340,0,0,0,0,0,0,0,0,0,0,1
lurker,88c599f1,600.0,blue,500.0,500.0,500.0,0.0,1722,0,0,0,0,0,0,0,0,0,0,3
lurker,c79097a7,600.0,blue,500.0,500.0,500.0,0.0,1495,0,0,0,0,0,0,0,0,0,0,5
lurker,bb254de1,600.0,blue,500.0,500.0,500.0,0.0,2246,0,0,0,0,0,0,0,0,0,0,5
lurker,6cb2788c,600.0,blue,500.0,500.0,500.0,0.0,2472,0,0,0,0,0,0,0,0,0,0,2
lurker,27c4d70b,600.0,blue,500.0,500.0,500.0,0.0,1312,0,0,0,0,0,0,0,0,0,0,2
lurker,fbc44be0,600.0,blue,500.0,500.0,500.0,0.0,1131,0,0,0,0,0,0,0,0,0,0,3
lurker,67b5b47e,600.0,blue,500.0,500.0,500.0,0.0,1720,0,0,0,0,0,0,0,0,0,0,1
lurker,39e32d9c,600.0,blue,500.0,500.0,500.0,0.0,690,0,0,0,0,0,0,0,0,0,0,1
lurker,7159d497,600.0,blue,500.0,500.0,500.0,0.0,1483,0,0,0,0,0,0,0,0,0,0,1
lurker,f172c7aa,600.0,blue,500.0,500.0,500.0,0.0,897,0,0,0,0,0,0,0,0,0,0,4
lurker,307e1c7c,600.0,blue,500.0,500.0,500.0,0.0,995,0,0,0,0,0,0,0,0,0,0,5
lurker,722a7812,600.0,blue,500.0,500.0,500.0,0.0,502,0,0,0,0,0,0,0,0,0,0,5
lurker,f414717c,600.0,blue,500.0,500.0,500.0,0.0,1611,0,0,0,0,0,0,0,0,0,0,2
lurker,c0d9ac20,600.0,blue,500.0,500.0,500.0,0.0,1225,0,0,0,0,0,0,0,0,0,0,5
lurker,1ccb9b49,600.0,blue,500.0,500.0,500.0,0.0,2268,0,0,0,0,0,0,0,0,0,0,5
lurker,0a9b3b3c,600.0,blue,500.0,500.0,500.0,0.0,1569,0,0,0,0,0,0,0,0,0,0,4
lurker,350512e0,600.0,blue,500.0,500.0,500.0,0.0,1395,0,0,0,0,0,0,0,0,0,0,2
lurker,fae68f19,600.0,blue,500.0,500.0,500.0,0.0,1787,0,0,0,0,0,0,0,0,0,0,0
lurker,420f5038,600.0,blue,500.0,500.0,500.0,0.0,1708,0,0,0,0,0,0,0,0,0,0,4
lurker,6d025e0b,600.0,blue,500.0,500.0,500.0,0.0,1459,0,0,0,0,0,0,0,0,0,0,4
lurker,57ebc905,600.0,blue,500.0,500.0,500.0,0.0,1912,0,0,0,0,0,0,0,0,0,0,1
lurker,ce41ef9e,600.0,blue,500.0,500.0,500.0,0.0,1494,0,0,0,0,0,0,0,0,0,0,3
lurker,391ee18c,600.0,blue,500.0,500.0,500.0,0.0,2511,0,0,0,0,0,0,0,0,0,0,0
lurker,d74e4d76,600.0,blue,500.0,500.0,500.0,0.0,1512,0,0,0,0,0,0,0,0,0,0,4
lurker,0f430dfa,600.0,blue,500.0,500.0,500.0,0.0,1592,0,0,0,0,0,0,0,0,0,0,2
lurker,d1f8248c,600.0,blue,500.0,500.0,500.0,0.0,669,0,0,0,0,0,0,0,0,0,0,2
lurker,4bb89b4a,600.0,blue,500.0,500.0,500.0,0.0,1454,0,0,0,0,0,0,0,0,0,0,3
lurker,43787ad0,600.0,blue,500.0,500.0,500.0,0.0,1980,0,0,0,0,0,0,0,0,0,0,1
lurker,f47ca72d,600.0,blue,500.0,500.0,500.0,0.0,2262,0,0,0,0,0,0,0,0,0,0,1
lurker,a81d3945,600.0,blue,500.0,500.0,500.0,0.0,2182,0,0,0,0,0,0,0,0,0,0,0
lurker,ca201cd9,600.0,blue,500.0,500.0,500.0,0.0,712,0,0,0,0,0,0,0,0,0,0,2
lurker,b8ab42f0,600.0,blue,500.0,500.0,500.0,0.0,1034,0,0,0,0,0,0,0,0,0,0,0
lurker,ab975147,600.0,blue,500.0,500.0,500.0,0.0,1104,0,0,0,0,0,0,0,0,0,0,1
lurker,b48ef2e5,600.0,blue,500.0,500.0,500.0,0.0,766,0,0,0,0,0,0,0,0,0,0,2
lurker,46439751,600.0,blue,500.0,500.0,500.0,0.0,1892,0,0,0,0,0,0,0,0,0,0,1
lurker,72ff7c38,600.0,blue,500.0,500.0,500.0,0.0,984,0,0,0,0,0,0,0,0,0,0,2
lurker,42b279e5,600.0,blue,500.0,500.0,500.0,0.0,1788,0,0,0,0,0,0,0,0,0,0,0
lurker,82fa78f7,600.0,blue,500.0,500.0,500.0,0.0,1182,0,0,0,0,0,0,0,0,0,0,2
lurker,12fca037,600.0,blue,500.0,500.0,500.0,0.0,1640,0,0,0,0,0,0,0,0,0,0,2
lurker,38c3889a,600.0,blue,500.0,500.0,500.0,0.0,645,0,0,0,0,0,0,0,0,0,0,2
lurker,7d5fc111,600.0,blue,500.0,500.0,500.0,0.0,1369,0,0,0,0,0,0,0,0,0,0,0
lurker,96c89580,600.0,blue,500.0,500.0,500.0,0.0,1154,0,0,0,0,0,0,0,0,0,0,2
lurker,d73a6dc3,600.0,blue,500.0,500.0,500.0,0.0,1830,0,0,0,0,0,0,0,0,0,0,0
lurker,88619369,600.0,blue,500.0,500.0,500.0,0.0,1396,0,0,0,0,0,0,0,0,0,0,3
lurker,cd97e2dc,600.0,blue,500.0,500.0,500.0,0.0,759,0,0,0,0,0,0,0,0,0,0,4
lurker,b7575e96,600.0,blue,500.0,500.0,500.0,0.0,1061,0,0,0,0,0,0,0,0,0,0,2
lurker,26da5e3e,600.0,blue,500.0,500.0,500.0,0.0,2770,0,0,0,0,0,0,0,0,0,0,3
lurker,416d9cf4,600.0,blue,500.0,500.0,500.0,0.0,2285,0,0,0,0,0,0,0,0,0,0,1
lurker,1652b9cc,600.0,blue,500.0,500.0,500.0,0.0,1127,0,0,0,0,0,0,0,0,0,0,1
lurker,7b289e5d,600.0,blue,500.0,500.0,500.0,0.0,1349,0,0,0,0,0,0,0,0,0,0,2
lurker,90a6096a,600.0,blue,500.0,500.0,500.0,0.0,732,0,0,0,0,0,0,0,0,0,0,2
lurker,563c6bb4,600.0,blue,500.0,500.0,500.0,0.0,1047,0,0,0,0,0,0,0,0,0,0,3
lurker,e219236a,600.0,blue,500.0,500.0,500.0,0.0,544,0,0,0,0,0,0,0,0,0,0,1
lurker,237720a8,600.0,blue,500.0,500.0,500.0,0.0,1904,0,0,0,0,0,0,0,0,0,0,1
lurker,ed19385f,600.0,blue,500.0,500.0,500.0,0.0,1574,0,0,0,0,0,0,0,0,0,0,2
lurker,f5b73e01,600.0,blue,500.0,500.0,500.0,0.0,1334,0,0,0,0,0,0,0,0,0,0,5
lurker,6085a560,600.0,blue,500.0,500.0,500.0,0.0,907,0,0,0,0,0,0,0,0,0,0,2
lurker,276c238a,600.0,blue,500.0,500.0,500.0,0.0,1246,0,0,0,0,0,0,0,0,0,0,1
lurker,17bcdb26,600.0,blue,500.0,500.0,500.0,0.0,1277,0,0,0,0,0,0,0,0,0,0,1
lurker,dfb6d62b,600.0,blue,500.0,500.0,500.0,0.0,581,0,0,0,0,0,0,0,0,0,0,5
lurker,dff2163c,600.0,blue,500.0,500.0,500.0,0.0,1552,0,0,0,0,0,0,0,0,0,0,1
lurker,649009a3,600.0,blue,500.0,500.0,500.0,0.0,2422,0,0,0,0,0,0,0,0,0,0,1
lurker,f856aca2,600.0,blue,500.0,500.0,500.0,0.0,1207,0,0,0,0,0,0,0,0,0,0,2
lurker,b5f03178,600.0,blue,500.0,500.0,500.0,0.0,539,0,0,0,0,0,0,0,0,0,0,1
lurker,f7e81a79,600.0,blue,500.0,500.0,500.0,0.0,740,0,0,0,0,0,0,0,0,0,0,2
lurker,f56487ed,600.0,blue,500.0,500.0,500.0,0.0,1574,0,0,0,0,0,0,0,0,0,0,2
lurker,b3488955,600.0,blue,500.0,500.0,500.0,0.0,1811,0,0,0,0,0,0,0,0,0,0,3
lurker,3d659d03,600.0,blue,500.0,500.0,500.0,0.0,1642,0,0,0,0,0,0,0,0,0,0,2
lurker,532bf550,600.0,blue,500.0,500.0,500.0,0.0,2368,0,0,0,0,0,0,0,0,0,0,1
lurker,ed122693,600.0,blue,500.0,500.0,500.0,0.0,1408,0,0,0,0,0,0,0,0,0,0,3
lurker,08073cba,600.0,blue,500.0,500.0,500.0,0.0,794,0,0,0,0,0,0,0,0,0,0,2
lurker,582d51a7,600.0,blue,500.0,500.0,500.0,0.0,1768,0,0,0,0,0,0,0,0,0,0,1
lurker,bdd231a6,600.0,blue,500.0,500.0,500.0,0.0,746,0,0,0,0,0,0,0,0,0,0,4
lurker,9d846ce3,600.0,blue,500.0,500.0,500.0,0.0,1073,0,0,0,0,0,0,0,0,0,0,3
lurker,3842c677,600.0,blue,500.0,500.0,500.0,0.0,1353,0,0,0,0,0,0,0,0,0,0,2
lurker,bd47ba45,600.0,blue,500.0,500.0,500.0,0.0,864,0,0,0,0,0,0,0,0,0,0,6
lurker,8f68a3eb,600.0,blue,500.0,500.0,500.0,0.0,743,0,0,0,0,0,0,0,0,0,0,0
lurker,2ae5a78a,600.0,blue,500.0,500.0,500.0,0.0,735,0,0,0,0,0,0,0,0,0,0,6
lurker,89727e19,600.0,blue,500.0,500.0,500.0,0.0,1032,0,0,0,0,0,0,0,0,0,0,2
lurker,493232ba,600.0,blue,500.0,500.0,500.0,0.0,1390,0,0,0,0,0,0,0,0,0,0,5
lurker,7d85bbf6,600.0,blue,500.0,500.0,500.0,0.0,809,0,0,0,0,0,0,0,0,0,0,3
lurker,729467f9,600.0,blue,500.0,500.0,500.0,0.0,572,0,0,0,0,0,0,0,0,0,0,3
lurker,c87f4096,600.0,blue,500.0,500.0,500.0,0.0,594,0,0,0,0,0,0,0,0,0,0,1
lurker,70b1260b,600.0,blue,500.0,500.0,500.0,0.0,1261,0,0,0,0,0,0,0,0,0,0,2
lurker,04048306,600.0,blue,500.0,500.0,500.0,0.0,1856,0,0,0,0,0,0,0,0,0,0,2
lurker,d328ae3b,600.0,blue,500.0,500.0,500.0,0.0,1380,0,0,0,0,0,0,0,0,0,0,1
lurker,e80563b1,600.0,blue,500.0,500.0,500.0,0.0,582,0,0,0,0,0,0,0,0,0,0,2
lurker,4f5d1713,600.0,blue,500.0,500.0,500.0,0.0,1234,0,0,0,0,0,0,0,0,0,0,1
lurker,f8b788aa,600.0,blue,500.0,500.0,500.0,0.0,567,0,0,0,0,0,0,0,0,0,0,3
lurker,3829282a,600.0,blue,500.0,500.0,500.0,0.0,1813,0,0,0,0,0,0,0,0,0,0,2
lurker,dc2d6497,600.0,blue,500.0,500.0,500.0,0.0,2107,0,0,0,0,0,0,0,0,0,0,3
lurker,8d9d29ff,600.0,blue,500.0,500.0,500.0,0.0,864,0,0,0,0,0,0,0,0,0,0,2
lurker,8be94b56,600.0,blue,500.0,500.0,500.0,0.0,1329,0,0,0,0,0,0,0,0,0,0,4
lurker,2ad34336,600.0,blue,500.0,500.0,500.0,0.0,1162,0,0,0,0,0,0,0,0,0,0,2
lurker,886bcd46,600.0,blue,500.0,500.0,500.0,0.0,1177,0,0,0,0,0,0,0,0,0,0,1
lurker,d4ebe1c9,600.0,blue,500.0,500.0,500.0,0.0,1167,0,0,0,0,0,0,0,0,0,0,1
lurker,da1e8364,600.0,blue,500.0,500.0,500.0,0.0,536,0,0,0,0,0,0,0,0,0,0,3
lurker,421b96c5,600.0,blue,500.0,500.0,500.0,0.0,1935,0,0,0,0,0,0,0,0,0,0,6
lurker,0e8b0480,600.0,blue,500.0,500.0,500.0,0.0,969,0,0,0,0,0,0,0,0,0,0,2
lurker,1f5c0312,600.0,blue,500.0,500.0,500.0,0.0,825,0,0,0,0,0,0,0,0,0,0,0
lurker,26640044,600.0,blue,500.0,500.0,500.0,0.0,686,0,0,0,0,0,0,0,0,0,0,6
lurker,7cfc6b90,600.0,blue,500.0,500.0,500.0,0.0,1215,0,0,0,0,0,0,0,0,0,0,2
lurker,27e20e7d,600.0,blue,500.0,500.0,500.0,0.0,2762,0,0,0,0,0,0,0,0,0,0,3
lurker,698c599f,600.0,blue,500.0,500.0,500.0,0.0,925,0,0,0,0,0,0,0,0,0,0,5
lurker,906057ae,600.0,blue,500.0,500.0,500.0,0.0,978,0,0,0,0,0,0,0,0,0,0,1
lurker,08b62d5f,600.0,blue,500.0,500.0,500.0,0.0,731,0,0,0,0,0,0,0,0,0,0,2
lurker,ae7c5416,600.0,blue,500.0,500.0,500.0,0.0,945,0,0,0,0,0,0,0,0,0,0,0
lurker,501d3932,600.0,blue,500.0,500.0,500.0,0.0,1972,0,0,0,0,0,0,0,0,0,0,3
lurker,1932ceca,600.0,blue,500.0,500.0,500.0,0.0,1008,0,0,0,0,0,0,0,0,0,0,0
lurker,226d1267,600.0,blue,500.0,500.0,500.0,0.0,2364,0,0,0,0,0,0,0,0,0,0,1
lurker,d664dde4,600.0,blue,500.0,500.0,500.0,0.0,1759,0,0,0,0,0,0,0,0,0,0,2
lurker,32af2a94,600.0,blue,500.0,500.0,500.0,0.0,1627,0,0,0,0,0,0,0,0,0,0,0
lurker,d4946be6,601.1,blue,503.8,500.0,500.0,0.0,800,125,189,0,-64,1,0,0,0,0,0,4
lurker,1c75bd06,600.0,blue,500.0,500.0,500.0,0.0,2122,0,92,0,-92,0,0,0,0,1,0,2
lurker,c39e0881,600.0,blue,500.0,500.0,500.0,0.0,1084,0,92,0,-92,0,0,0,0,1,0,6
lurker,53db5219,600.0,blue,500.0,500.0,500.0,0.0,1487,0,92,0,-92,0,0,0,0,1,0,2
lurker,be7455b7,600.0,blue,500.0,500.0,500.0,0.0,1191,0,92,0,-92,0,0,0,0,1,0,10
lurker,8faab425,600.0,blue,500.0,500.0,500.0,0.0,983,0,92,0,-92,0,0,0,0,1,0,6
lurker,78a2e08d,600.0,blue,500.0,500.0,500.0,0.0,745,0,92,0,-92,0,0,0,0,1,0,2
lurker,bc6018ac,600.0,blue,500.0,500.0,500.0,0.0,1155,0,92,0,-92,0,0,0,0,1,0,2
lurker,b229f20c,600.8,blue,502.7,500.0,500.0,0.0,526,45,211,0,-165,1,0,0,0,0,0,3
lurker,19a67186,600.9,blue,503.0,500.0,500.0,0.0,797,238,410,0,-172,2,0,0,0,0,0,3
lurker,e97900db,600.0,blue,500.0,500.0,500.0,0.0,1111,0,184,0,-184,1,0,0,0,0,0,3
lurker,0ecef799,600.0,blue,500.0,500.0,500.0,0.0,1666,0,187,0,-187,1,0,0,0,0,0,2
lurker,b5faca97,600.0,blue,500.0,500.0,500.0,0.0,1734,0,187,0,-187,1,0,0,0,0,0,1
lurker,f5b15fef,573.4,green,441.2,500.0,500.0,45.0,1391,0,189,189,-189,1,0,0,0,0,1,6
lurker,71fe26bd,600.0,blue,500.0,500.0,500.0,0.0,1134,0,189,0,-189,1,0,0,0,0,0,3
lurker,95c8330f,600.0,blue,500.0,500.0,500.0,0.0,768,0,189,0,-189,1,0,0,0,0,0,2
lurker,01cb09b2,600.0,blue,500.0,500.0,500.0,0.0,1556,0,189,0,-189,1,0,0,0,0,0,3
lurker,36b09478,600.0,blue,500.0,500.0,500.0,0.0,1284,0,189,0,-189,1,0,0,0,0,0,2
lurker,c512b04f,575.2,green,447.3,500.0,500.0,45.0,683,0,193,193,-193,1,0,0,0,0,1,1
lurker,cb9e9a52,600.0,blue,500.0,500.0,500.0,0.0,1543,0,193,0,-193,1,0,0,0,0,0,2
lurker,ae2b6557,600.0,blue,500.0,500.0,500.0,0.0,820,0,197,0,-197,1,0,0,0,0,0,2
lurker,77bfee93,600.0,blue,500.0,500.0,500.0,0.0,778,0,202,0,-202,1,0,0,0,0,0,5
lurker,8aede436,600.0,blue,500.0,500.0,500.0,0.0,1610,0,202,0,-202,1,0,0,0,0,0,3
lurker,3ebf535e,600.0,blue,500.0,500.0,500.0,0.0,860,0,214,0,-214,1,0,0,0,0,0,4
lurker,9876a24b,600.0,blue,500.0,500.0,500.0,0.0,1439,0,214,0,-214,1,0,0,0,0,0,3
lurker,1c6f58db,600.0,blue,500.0,500.0,500.0,0.0,399,0,377,0,-377,2,0,0,0,0,0,3
low_quality_creator,c727985c,653.3,blue,678.0,583.4,500.0,105.0,11933,13759,5983,283,7776,17,52,47,0,1,2,16
low_quality_creator,5c16934d,760.8,purple,865.4,740.6,500.0,45.0,11463,19465,13568,85,5897,43,124,97,1,0,1,28
low_quality_creator,d914857a,734.4,blue,800.5,677.1,500.0,0.0,10695,13868,9588,0,4281,30,102,61,0,2,0,20
low_quality_creator,a3e73a0e,685.5,blue,649.9,698.2,500.0,45.0,4873,13357,9359,178,3998,36,87,38,0,0,1,23
low_quality_creator,5593b48c,655.4,blue,599.9,685.7,500.0,105.0,8928,14231,10808,347,3423,33,153,66,0,1,2,27
low_quality_creator,4224896d,708.4,blue,703.8,689.2,500.0,0.0,7133,11485,8447,0,3039,24,106,59,0,1,0,19
low_quality_creator,61319e4f,571.4,green,421.0,624.5,500.0,180.0,5491,10821,8456,631,2365,22,95,65,1,1,3,20
low_quality_creator,92c4c532,691.5,blue,727.3,593.1,500.0,0.0,8209,11299,9275,0,2024,32,76,56,0,0,0,18
low_quality_creator,c7b95d58,648.1,blue,548.1,778.7,500.0,180.0,5370,12284,10306,536,1978,32,154,63,0,0,3,28
low_quality_creator,e6808d27,659.6,blue,638.5,716.0,500.0,180.0,6087,11675,9720,475,1955,29,107,67,0,0,3,23
low_quality_creator,24411a88,687.8,blue,683.2,775.4,500.0,180.0,6978,17100,15944,438,1156,57,152,81,0,1,3,29
low_quality_creator,880e5ba1,630.5,blue,598.7,647.5,500.0,180.0,5045,13281,12146,567,1136,42,81,67,0,1,3,25
low_quality_creator,fd769cd2,561.5,green,415.1,663.9,500.0,270.0,5650,11497,10838,851,660,33,90,69,2,0,4,28
low_quality_creator,95ca5fc7,617.9,blue,585.5,685.1,500.0,270.0,8161,10309,9949,570,359,35,125,44,0,1,4,25
low_quality_creator,765d0b6e,578.0,green,522.7,699.0,500.0,392.8,6436,12349,12515,719,-166,39,111,79,0,1,5,27
low_quality_creator,d12ce23e,657.4,blue,565.9,686.6,500.0,45.0,1001,9025,9238,180,-213,31,114,46,0,1,1,25
low_quality_creator,424d6259,619.4,blue,569.7,638.0,500.0,180.0,5420,10036,10852,628,-816,36,102,50,0,0,3,22
low_quality_creator,7ca40eb3,706.3,blue,634.4,763.8,500.0,0.0,3138,7584,8549,0,-965,26,139,48,1,0,0,25
low_quality_creator,82ef0f64,583.8,green,467.6,510.0,500.0,45.0,8,991,2154,184,-1163,7,31,8,0,0,1,20
low_quality_creator,a27fa6ba,606.0,blue,500.0,524.0,500.0,0.0,1901,0,1390,0,-1390,4,16,8,0,0,0,28
low_quality_creator,28cf100b,637.0,blue,569.8,564.4,500.0,0.0,2385,1614,3780,0,-2167,12,37,20,0,0,0,18
low_quality_creator,f292502b,603.7,blue,518.0,637.4,500.0,180.0,2154,5400,7586,954,-2186,26,95,28,1,0,3,17
low_quality_creator,3c139373,606.3,blue,507.6,660.2,500.0,180.0,841,10657,12907,493,-2250,41,156,70,0,0,3,28
low_quality_creator,d9b4a3b7,625.6,blue,522.5,659.2,500.0,105.0,1072,3569,5828,304,-2259,19,86,25,0,1,2,23
low_quality_creator,1220aad9,478.0,green,330.6,683.6,500.0,585.2,2,13566,16045,1485,-2479,54,154,80,0,0,7,32
low_quality_creator,c826ff82,594.7,green,476.0,723.6,500.0,270.0,2569,8985,11612,476,-2627,41,108,52,0,1,4,25
low_quality_creator,576b42de,679.1,blue,632.4,693.4,500.0,45.0,4186,8239,11007,184,-2768,35,133,62,0,0,1,21
low_quality_creator,84f84b2d,627.4,blue,518.1,638.6,500.0,63.4,245,3876,6750,29,-2874,24,71,31,0,0,1,25
low_quality_creator,804ddc82,587.6,green,597.9,716.9,500.0,480.0,3729,11415,15009,1176,-3594,48,140,88,0,0,6,27
low_quality_creator,8dbc9ffb,555.4,green,374.1,688.5,500.0,270.0,815,5037,10429,485,-5393,33,146,50,0,1,4,24
extreme_marketer,2dbaeb67,583.9,green,509.5,598.2,500.0,217.6,0,8676,12208,208,-3532,51,50,27,0,0,3,82
extreme_marketer,6d9d599d,520.9,green,419.6,529.9,500.0,312.5,6,6990,11442,345,-4452,49,32,21,0,0,4,75
extreme_marketer,1d72919a,660.3,blue,753.1,595.6,500.0,197.9,4138,18931,25115,325,-6184,107,53,69,0,0,3,85
extreme_marketer,c96a18c5,665.2,blue,653.7,612.4,500.0,45.0,6674,12028,20664,92,-8636,92,60,38,0,0,1,80
extreme_marketer,8200d767,548.7,green,434.6,517.5,500.0,180.0,2,9159,17858,656,-8699,77,44,26,0,0,3,83
extreme_marketer,d14d0cfe,539.4,green,446.2,551.0,500.0,286.2,3375,8933,18003,594,-9070,77,45,31,0,0,4,90
extreme_marketer,0000454c,379.4,white,365.2,579.5,500.0,1000,0,15578,25440,816,-9862,105,68,78,0,0,13,91
extreme_marketer,935e9cd4,566.8,green,703.1,543.9,500.0,525.5,7075,19370,30563,482,-11193,134,58,59,0,2,6,79
extreme_marketer,ab1b2e5a,561.7,green,634.2,583.9,500.0,497.5,4513,15089,26959,609,-11870,118,66,50,0,0,6,85
extreme_marketer,5b9eecf6,555.3,green,709.8,602.1,500.0,666.1,4122,22513,34827,443,-12314,151,76,96,0,0,7,78
extreme_marketer,5c8d9f07,459.1,green,428.6,595.0,500.0,715.9,6945,12633,25734,1074,-13101,110,77,54,0,0,8,75
extreme_marketer,fc76e388,546.6,green,685.4,637.7,500.0,717.0,5516,23524,37028,1051,-13504,162,108,107,0,0,8,77
extreme_marketer,eb829bd2,488.2,green,661.8,600.9,500.0,927.9,2238,30331,44040,1571,-13708,196,106,104,0,0,10,85
extreme_marketer,525d5158,598.3,green,797.9,663.0,500.0,659.0,11,19871,34171,402,-14299,162,86,51,0,1,7,87
extreme_marketer,8148e33c,656.6,blue,1000,678.4,500.0,690.0,3,36031,50511,1107,-14481,228,146,125,0,2,8,89
extreme_marketer,e072c7f1,443.9,green,445.7,611.3,500.0,838.1,9,11342,26028,1146,-14686,104,106,67,0,0,9,84
extreme_marketer,0e9236de,559.3,green,622.0,605.4,500.0,518.4,129,18264,33811,609,-15547,153,67,56,0,0,6,86
extreme_marketer,53526d44,632.5,blue,974.7,712.4,500.0,815.2,1406,42186,59390,1465,-17204,263,110,188,0,1,9,87
extreme_marketer,79a41633,437.4,green,498.3,600.0,500.0,935.2,6,17193,37832,1561,-20639,153,69,111,0,0,10,86
extreme_marketer,7ec2a619,410.2,green,406.1,653.5,500.0,1000,1009,14959,38808,1017,-23850,159,131,91,0,0,11,94
elite_creator,63a417aa,875.0,purple,1000,1000,500.0,0.0,161618,114133,22941,0,91192,41,602,301,2,1,0,39
elite_creator,e4e08558,866.0,purple,1000,1000,500.0,45.0,164122,105052,18464,152,86588,25,658,239,1,2,1,37
elite_creator,dabbe70e,875.0,purple,1000,1000,500.0,0.0,151307,99255,19890,0,79365,38,494,252,4,0,0,34
elite_creator,8e85a74d,875.0,purple,1000,1000,500.0,0.0,170297,95868,18267,0,77601,32,301,273,0,0,0,29
elite_creator,e08bc6d0,875.0,purple,1000,1000,500.0,0.0,142856,96549,22948,0,73600,37,695,295,5,1,0,39
curator,81c47eb1,875.0,purple,1000,1000,500.0,0.0,77391,100720,45111,0,55609,14,1211,842,12,2,0,58
curator,21fe0c14,875.0,purple,1000,1000,500.0,0.0,64128,102579,51397,0,51182,21,1937,834,10,1,0,63
curator,5dd34b4b,875.0,purple,1000,1000,500.0,0.0,58407,88825,38063,0,50762,17,1219,639,3,5,0,45
curator,4671141a,875.0,purple,1000,1000,500.0,0.0,67111,82492,34131,0,48361,14,1066,585,3,1,0,45
curator,ac5c928e,875.0,purple,1000,1000,500.0,0.0,59300,82617,35420,0,47197,13,1327,577,9,1,0,53
curator,61d729d8,875.0,purple,1000,1000,500.0,0.0,56849,85104,38118,0,46986,19,1112,655,4,7,0,55
curator,3dff3858,875.0,purple,1000,1000,500.0,0.0,56477,84176,37333,0,46843,15,1466,592,6,1,0,55
curator,714c3817,875.0,purple,1000,1000,500.0,0.0,61795,87569,41233,0,46336,12,1316,725,7,6,0,54
curator,ddc5e439,875.0,purple,1000,1000,500.0,0.0,67008,93580,47508,0,46072,24,1780,754,7,4,0,56
curator,ba91ac63,875.0,purple,1000,1000,500.0,0.0,54169,86817,41161,0,45657,14,1229,736,12,1,0,54
curator,b66e580a,875.0,purple,1000,1000,500.0,0.0,57740,89321,43850,0,45471,17,1445,761,5,2,0,52
curator,c7636e45,875.0,purple,1000,1000,500.0,0.0,55330,86173,41091,0,45082,8,1107,784,10,3,0,54
curator,10b937f5,875.0,purple,1000,1000,500.0,0.0,53332,88945,45992,0,42953,23,1672,744,6,2,0,52
curator,460d6012,875.0,purple,1000,1000,500.0,0.0,51184,80728,37801,0,42927,22,1005,666,4,5,0,49
curator,3d29d1ec,875.0,purple,1000,1000,500.0,0.0,58769,79391,37385,0,42006,19,1380,591,3,4,0,60
curator,efa2d664,866.0,purple,1000,1000,500.0,45.0,54614,85903,44140,147,41763,15,1297,791,7,5,1,63
curator,468648c2,875.0,purple,1000,1000,500.0,0.0,53469,82018,40392,0,41626,24,1227,685,6,0,0,57
curator,6b07ffd1,866.0,purple,1000,1000,500.0,45.0,49541,87511,45905,75,41606,15,1591,789,6,3,1,54
curator,32818553,875.0,purple,1000,1000,500.0,0.0,48451,84750,43772,0,40978,13,1476,748,5,8,0,53
curator,5f2bd800,875.0,purple,1000,1000,500.0,0.0,57992,84009,43447,0,40562,22,1694,659,7,6,0,55
curator,bba9f4c8,875.0,purple,1000,1000,500.0,0.0,49159,82600,42252,0,40347,17,1670,650,6,4,0,60
curator,614c4c69,875.0,purple,1000,1000,500.0,0.0,61400,80974,41625,0,39349,16,1814,618,9,5,0,54
curator,3854763f,875.0,purple,1000,1000,500.0,0.0,49139,80309,41039,0,39270,16,1192,722,6,6,0,53
curator,49d90b71,875.0,purple,1000,1000,500.0,0.0,52035,73198,34197,0,39000,17,1329,510,6,6,0,63
curator,f8941306,875.0,purple,1000,1000,500.0,0.0,48895,72906,34772,0,38133,10,1263,570,5,6,0,54
curator,c8789ff9,875.0,purple,1000,1000,500.0,0.0,49389,76353,39672,0,36681,12,1705,605,9,7,0,53
curator,0d6b025e,875.0,purple,1000,1000,500.0,0.0,51364,74469,38706,0,35763,18,1578,596,3,2,0,51
curator,0aca604f,875.0,purple,1000,1000,500.0,0.0,52111,77069,41449,0,35620,20,1738,610,4,6,0,58
curator,58a38f17,875.0,purple,1000,1000,500.0,0.0,47035,75926,40324,0,35602,12,1305,691,12,2,0,50
curator,7779ad7f,875.0,purple,1000,1000,500.0,0.0,51476,78189,42941,0,35248,18,1467,717,3,5,0,49
curator,bbd75ade,875.0,purple,1000,1000,500.0,0.0,39225,69126,34781,0,34344,23,1175,559,4,3,0,45
curator,f17ca1f1,875.0,purple,1000,1000,500.0,0.0,47322,70583,36609,0,33975,14,1525,563,5,5,0,60
curator,b2f6085e,875.0,purple,1000,1000,500.0,0.0,49597,58282,24503,0,33780,5,991,390,4,2,0,35
curator,a677631a,875.0,purple,1000,1000,500.0,0.0,43792,66073,32485,0,33588,14,1366,478,8,2,0,54
curator,30321964,875.0,purple,1000,1000,500.0,0.0,46604,70441,37021,0,33419,20,1117,621,6,5,0,53
curator,d4d688e8,875.0,purple,1000,1000,500.0,0.0,44679,70755,37374,0,33380,11,1571,582,7,2,0,55
curator,e5a50172,875.0,purple,1000,1000,500.0,0.0,49280,75576,42251,0,33324,14,1764,656,7,6,0,48
curator,b2af5363,875.0,purple,1000,1000,500.0,0.0,50158,57835,24531,0,33303,16,916,358,3,2,0,46
curator,010ea4cb,875.0,purple,1000,1000,500.0,0.0,53052,73566,40301,0,33265,20,1554,627,6,3,0,58
curator,a990c007,866.0,purple,1000,1000,500.0,45.0,47958,66447,33219,343,33228,26,1305,457,4,6,1,53
curator,649cf57c,875.0,purple,1000,1000,500.0,0.0,46841,66817,34036,0,32780,15,1531,483,4,8,0,50
curator,b2736de5,875.0,purple,1000,1000,500.0,0.0,48444,70733,38647,0,32086,9,1423,654,6,1,0,57
curator,29ad2d76,875.0,purple,1000,1000,500.0,0.0,39155,65805,34049,0,31756,17,1682,448,8,3,0,49
curator,83c027d0,875.0,purple,1000,1000,500.0,0.0,45784,62218,30467,0,31751,16,1365,418,11,2,0,47
curator,15bf2e3b,866.0,purple,1000,1000,500.0,45.0,40417,71215,39514,149,31701,16,1945,547,5,4,1,63
curator,36f3b327,875.0,purple,1000,1000,500.0,0.0,44519,73870,42883,0,30987,10,1820,687,3,3,0,57
curator,32b17d67,866.0,purple,1000,1000,500.0,45.0,42590,80059,49193,288,30867,27,1857,779,5,2,1,61
curator,5b8078d0,875.0,purple,1000,1000,500.0,0.0,39084,64341,33882,0,30459,11,1639,466,7,6,0,48
curator,f47af499,875.0,purple,1000,1000,500.0,0.0,35101,72610,42571,0,30039,15,1595,698,4,4,0,48
curator,d7ea6112,875.0,purple,1000,1000,500.0,0.0,40884,74623,44797,0,29826,13,2173,648,7,3,0,65
curator,40cdb608,875.0,purple,1000,1000,500.0,0.0,43323,59563,30077,0,29486,14,1320,421,5,7,0,54
curator,94abcc1a,875.0,purple,1000,1000,500.0,0.0,40569,59546,30394,0,29152,13,1222,451,7,3,0,45
curator,e9f3a0bc,875.0,purple,1000,1000,500.0,0.0,35335,65200,36179,0,29021,19,1721,469,11,4,0,57
curator,6e30af8a,875.0,purple,1000,1000,500.0,0.0,41431,59747,31091,0,28656,11,1513,416,4,5,0,55
curator,ec89dc5e,875.0,purple,1000,1000,500.0,0.0,40023,72026,44914,0,27112,22,2068,623,6,5,0,63
curator,f045b54e,875.0,purple,1000,1000,500.0,0.0,39793,64048,36969,0,27079,14,1687,531,10,3,0,57
curator,1048f280,866.0,purple,1000,1000,500.0,45.0,39549,63094,36219,73,26875,23,1316,539,9,5,1,55
curator,52a97562,875.0,purple,1000,1000,500.0,0.0,34566,57496,31818,0,25678,17,1412,437,4,4,0,53
curator,4e4739ad,875.0,purple,1000,1000,500.0,0.0,36664,61036,35985,0,25052,19,1309,555,8,2,0,54
curator,71f9c3bd,875.0,purple,1000,1000,500.0,0.0,30208,48227,28737,0,19490,18,1408,363,6,2,0,46
cabal_member,3c29df92,630.8,blue,976.0,523.3,500.0,589.0,0,6015,19496,919,-13481,36,518,136,0,0,2,93
cabal_member,7550e15c,605.8,blue,806.3,601.0,500.0,556.5,2560,18118,33891,469,-15773,78,904,213,0,2,5,97
cabal_member,6bd6dcdd,686.1,blue,1000,617.4,500.0,466.3,1102,10609,27486,417,-16876,58,726,186,0,0,0,85
cabal_member,36351276,606.8,blue,972.3,502.6,500.0,677.8,4,12768,29725,1110,-16957,55,700,238,0,0,3,77
cabal_member,19e2250b,618.3,blue,930.6,666.8,500.0,763.0,2,18412,36280,848,-17868,79,912,256,1,0,6,86
cabal_member,7f856b4f,542.6,green,713.0,728.9,500.0,892.9,3296,36119,56805,1103,-20686,110,897,584,0,3,7,81
cabal_member,c9abb139,620.6,blue,887.7,621.6,500.0,630.5,4769,12707,33793,361,-21086,97,933,138,0,0,5,101
cabal_member,4b851164,669.5,blue,1000,720.0,500.0,677.4,11,13655,35990,876,-22335,98,827,181,1,1,4,92
cabal_member,dfec7aa9,590.8,green,1000,663.3,500.0,1000,6,8808,36031,695,-27223,67,961,261,0,0,7,88
cabal_member,6c2539f9,618.3,blue,1000,773.4,500.0,1000,3290,17715,52554,2220,-34839,85,1291,478,0,1,9,79
ad_spammer,e5885be8,539.5,green,665.6,500.0,500.0,551.0,2949,26471,31866,502,-5395,130,0,103,0,0,6,117
ad_spammer,3d1a7832,467.0,green,483.3,500.0,500.0,640.0,21,12945,20541,931,-7597,85,0,51,0,0,7,120
ad_spammer,fb9d5d4b,354.1,white,198.4,500.0,500.0,777.3,29,11234,19139,758,-7904,84,0,32,0,0,8,116
ad_spammer,6aa33124,449.8,green,456.5,500.0,500.0,685.7,44,13047,21219,403,-8172,86,0,66,0,0,7,119
ad_spammer,e645a8ee,447.1,green,374.7,500.0,500.0,576.6,1349,10316,18596,217,-8281,72,0,61,0,0,6,119
ad_spammer,864adfca,356.6,white,355.4,500.0,500.0,1000,0,20650,29056,937,-8406,121,0,82,0,0,11,117
ad_spammer,a588ee4a,496.2,green,527.0,500.0,500.0,559.5,683,14356,24400,374,-10044,102,0,67,0,0,6,119
ad_spammer,35aa37d4,498.6,green,689.1,500.0,500.0,790.4,47,19264,29809,619,-10546,126,0,80,0,0,8,117
ad_spammer,a6d4538a,470.1,green,655.6,500.0,500.0,883.1,30,23844,34591,967,-10748,141,0,94,0,0,9,119
ad_spammer,0b2910d9,395.4,white,445.7,500.0,500.0,941.3,0,17968,28876,332,-10909,112,0,106,0,0,9,117
active_creator,8165548c,875.0,purple,1000,1000,500.0,0.0,97214,94257,25751,0,68505,52,597,315,3,1,0,35
active_creator,5c2a3125,875.0,purple,1000,1000,500.0,0.0,99945,92921,25923,0,66997,63,472,309,0,2,0,36
active_creator,dacb276e,866.0,purple,1000,1000,500.0,45.0,95805,87538,24000,184,63538,53,472,274,2,3,1,45
active_creator,b421b673,875.0,purple,1000,1000,500.0,0.0,83965,89698,28011,0,61688,65,503,313,2,3,0,36
active_creator,7d25167c,826.4,purple,908.1,1000,500.0,105.0,87310,90200,30115,436,60085,60,540,384,4,2,2,46
active_creator,fa517a7e,875.0,purple,1000,1000,500.0,0.0,81462,86814,27358,0,59456,55,638,336,1,2,0,50
active_creator,b1aafdb7,840.6,purple,915.3,1000,500.0,45.0,79793,85808,27117,142,58691,55,526,346,1,3,1,38
active_creator,66f158bc,875.0,purple,1000,1000,500.0,0.0,83038,85263,27435,0,57829,45,678,361,7,3,0,37
active_creator,6b257495,854.0,purple,1000,1000,500.0,105.0,75351,87573,31433,299,56140,66,633,395,1,3,2,40
active_creator,cbd12826,866.0,purple,1000,1000,500.0,45.0,84580,80039,24256,294,55784,45,644,287,1,1,1,43
active_creator,7438e5ff,866.0,purple,1000,1000,500.0,45.0,81297,79441,23660,346,55781,48,389,300,1,0,1,33
active_creator,1c803eeb,854.0,purple,1000,1000,500.0,105.0,70359,84522,30435,441,54087,85,665,290,1,1,2,48
active_creator,8c1aab44,866.0,purple,1000,1000,500.0,45.0,76246,79410,25980,288,53431,60,688,282,1,1,1,45
active_creator,493c931d,866.0,purple,1000,1000,500.0,45.0,73703,78280,27486,144,50793,49,592,371,0,2,1,39
active_creator,58020592,821.0,purple,1000,1000,500.0,270.0,81726,77966,28056,648,49910,75,525,275,2,2,4,42
active_creator,53bc7106,866.0,purple,1000,1000,500.0,45.0,73821,72372,22730,150,49642,59,504,220,2,1,1,34
active_creator,d9e0e9ff,875.0,purple,1000,1000,500.0,0.0,81814,72493,23191,0,49302,47,679,261,2,1,0,39
active_creator,83b7553c,835.9,purple,989.8,1000,500.0,180.0,81003,77086,28396,457,48690,48,453,400,3,1,3,43
active_creator,8fcd5f3f,866.0,purple,1000,1000,500.0,45.0,75199,77166,30319,172,46847,60,693,375,2,0,1,39
active_creator,eeea47ac,875.0,purple,1000,1000,500.0,0.0,63563,66740,21933,0,44807,49,416,259,3,0,0,40
active_creator,6c27b10f,845.2,purple,970.7,1000,500.0,105.0,49111,74606,32278,218,42328,83,676,344,1,2,2,44
active_creator,3cc68d2e,732.4,blue,774.7,1000,500.0,375.0,52387,70964,28761,758,42203,58,429,387,1,1,5,40
active_creator,71efbebc,854.0,purple,1000,1000,500.0,105.0,62020,60444,19978,154,40467,49,481,195,2,1,2,33
active_creator,d213e52f,866.0,purple,1000,1000,500.0,45.0,65156,60533,20446,288,40086,51,479,203,1,0,1,36
active_creator,1c6c70b8,854.0,purple,1000,1000,500.0,105.0,68218,76341,36523,613,39818,72,888,421,2,3,2,47
active_creator,0e033182,866.0,purple,1000,1000,500.0,45.0,62677,64185,27578,412,36608,70,671,252,3,3,1,39
active_creator,9b064113,875.0,purple,1000,1000,500.0,0.0,63308,52933,18382,0,34551,38,422,205,1,0,0,35
active_creator,1cdd7007,839.0,purple,1000,1000,500.0,180.0,47365,58457,24176,576,34281,47,734,232,2,3,3,40
active_creator,71c912cf,839.0,purple,1000,1000,500.0,180.0,53232,54315,23019,810,31296,46,439,268,1,2,3,38
active_creator,60f0b299,854.0,purple,1000,1000,500.0,105.0,47441,50061,22629,300,27431,62,577,181,4,0,2,33
